2025-04-29 23:25:34,221 - INFO - Settings loaded successfully
2025-04-29 23:26:34,229 - INFO - Starting process_gps_tasks
2025-04-29 23:26:34,544 - INFO - Shape Files : Loaded
2025-04-29 23:26:34,801 - INFO - Connected to database
2025-04-29 23:26:37,475 - INFO - Fetched 3500 records to process.
2025-04-29 23:29:51,186 - INFO - Finished process_gps_detail
2025-04-29 23:40:57,735 - INFO - Settings loaded successfully
2025-04-29 23:41:57,740 - INFO - Starting process_gps_tasks
2025-04-29 23:41:57,741 - INFO - Loading shapefiles
2025-04-29 23:41:57,741 - INFO - Loading shapefile: data_map3/Th_Country_region.shp
2025-04-29 23:41:57,924 - INFO - load shape file countries_gdf
2025-04-29 23:41:57,924 - INFO - Loading shapefile: data_map3/Th_Province_region.shp
2025-04-29 23:41:57,952 - INFO - load shape file provinces_gdf
2025-04-29 23:41:57,952 - INFO - Loading shapefile: data_map3/Th_Amphoe_region.shp
2025-04-29 23:41:58,038 - INFO - load shape file amphur_gdf
2025-04-29 23:41:58,038 - INFO - Loading shapefile: data_map3/Th_Tambon_region.shp
2025-04-29 23:41:58,210 - INFO - load shape file tambon_gdf
2025-04-29 23:41:58,210 - INFO - Shape Files : Loaded
2025-04-29 23:41:58,478 - INFO - Connected to database
2025-04-29 23:42:00,956 - INFO - Fetched 3500 records to process.
2025-04-29 23:45:20,214 - INFO - Finished process_gps_detail
2025-04-29 23:53:06,025 - INFO - Settings loaded successfully
2025-04-29 23:54:06,084 - INFO - Starting process_gps_tasks
2025-04-29 23:54:06,092 - INFO - Loading shapefiles
2025-04-29 23:54:06,094 - INFO - Loading shapefile: data_map3/Th_Country_region.shp
2025-04-29 23:54:08,493 - INFO - load shape file countries_gdf
2025-04-29 23:54:08,495 - INFO - Loading shapefile: data_map3/Th_Province_region.shp
2025-04-29 23:54:09,338 - INFO - load shape file provinces_gdf
2025-04-29 23:54:09,340 - INFO - Loading shapefile: data_map3/Th_Amphoe_region.shp
2025-04-29 23:54:11,983 - INFO - load shape file amphur_gdf
2025-04-29 23:54:11,983 - INFO - Loading shapefile: data_map3/Th_Tambon_region.shp
2025-04-29 23:54:17,655 - INFO - load shape file tambon_gdf
2025-04-29 23:54:17,667 - INFO - Shape Files : Loaded
2025-04-29 23:54:18,136 - INFO - Connected to database
2025-04-29 23:54:20,063 - INFO - Fetched 3500 records to process.
2025-04-29 23:58:02,830 - INFO - Finished process_gps_detail
2025-04-30 13:23:15,407 - INFO - Settings loaded successfully
2025-04-30 13:24:15,412 - INFO - Starting process_gps_tasks
2025-04-30 13:24:15,412 - INFO - Loading shapefiles
2025-04-30 13:24:15,412 - INFO - Loading shapefile: data_map3/Th_Country_region.shp
2025-04-30 13:24:16,122 - INFO - load shape file countries_gdf
2025-04-30 13:24:16,122 - INFO - Loading shapefile: data_map3/Th_Province_region.shp
2025-04-30 13:24:16,167 - INFO - load shape file provinces_gdf
2025-04-30 13:24:16,167 - INFO - Loading shapefile: data_map3/Th_Amphoe_region.shp
2025-04-30 13:24:16,405 - INFO - load shape file amphur_gdf
2025-04-30 13:24:16,405 - INFO - Loading shapefile: data_map3/Th_Tambon_region.shp
2025-04-30 13:24:23,812 - INFO - load shape file tambon_gdf
2025-04-30 13:24:23,812 - INFO - Shape Files : Loaded
2025-04-30 13:24:24,079 - INFO - Connected to database
2025-04-30 13:24:24,254 - INFO - Fetched 151 records to process.
2025-04-30 13:24:31,722 - INFO - Finished process_gps_detail
2025-04-30 13:26:32,039 - ERROR - Error query processing GPS detail process_gps_detail_full_position: canceling statement due to statement timeout
Traceback (most recent call last):
  File "C:\Work\python\production\mastertrack\process_location_map_supabase\app.py", line 357, in process_gps_detail_full_position
    cur.execute(f"""
psycopg2.errors.QueryCanceled: canceling statement due to statement timeout

2025-04-30 13:44:16,835 - INFO - Settings loaded successfully
2025-04-30 13:45:16,835 - INFO - Starting process_gps_tasks
2025-04-30 13:45:16,835 - INFO - Loading shapefiles
2025-04-30 13:45:16,835 - INFO - Loading shapefile: data_map3/Th_Country_region.shp
2025-04-30 13:45:17,018 - INFO - load shape file countries_gdf
2025-04-30 13:45:17,019 - INFO - Loading shapefile: data_map3/Th_Province_region.shp
2025-04-30 13:45:17,051 - INFO - load shape file provinces_gdf
2025-04-30 13:45:17,052 - INFO - Loading shapefile: data_map3/Th_Amphoe_region.shp
2025-04-30 13:45:17,174 - INFO - load shape file amphur_gdf
2025-04-30 13:45:17,174 - INFO - Loading shapefile: data_map3/Th_Tambon_region.shp
2025-04-30 13:45:17,418 - INFO - load shape file tambon_gdf
2025-04-30 13:45:17,418 - INFO - Shape Files : Loaded
2025-04-30 13:45:17,684 - INFO - Connected to database
2025-04-30 13:45:17,764 - INFO - Fetched 37 records to process.
2025-04-30 13:45:18,878 - INFO - Finished process_gps_detail
2025-04-30 13:47:19,173 - ERROR - Error query processing GPS detail process_gps_detail_full_position: canceling statement due to statement timeout
Traceback (most recent call last):
  File "C:\Work\python\production\mastertrack\process_location_map_supabase\app.py", line 357, in process_gps_detail_full_position
    cur.execute(f"""
psycopg2.errors.QueryCanceled: canceling statement due to statement timeout

2025-04-30 13:48:25,507 - INFO - Starting process_gps_tasks
2025-04-30 13:48:25,507 - INFO - Loading shapefiles
2025-04-30 13:48:25,507 - INFO - Loading shapefile: data_map3/Th_Country_region.shp
2025-04-30 13:48:25,528 - INFO - load shape file countries_gdf
2025-04-30 13:48:25,528 - INFO - Loading shapefile: data_map3/Th_Province_region.shp
2025-04-30 13:48:25,557 - INFO - load shape file provinces_gdf
2025-04-30 13:48:25,557 - INFO - Loading shapefile: data_map3/Th_Amphoe_region.shp
2025-04-30 13:48:25,639 - INFO - load shape file amphur_gdf
2025-04-30 13:48:25,639 - INFO - Loading shapefile: data_map3/Th_Tambon_region.shp
2025-04-30 13:48:25,807 - INFO - load shape file tambon_gdf
2025-04-30 13:48:25,808 - INFO - Shape Files : Loaded
2025-04-30 13:48:26,054 - INFO - Connected to database
2025-04-30 13:48:26,235 - INFO - Fetched 38 records to process.
2025-04-30 13:48:27,450 - INFO - Finished process_gps_detail
2025-04-30 13:50:27,790 - ERROR - Error query processing GPS detail process_gps_detail_full_position: canceling statement due to statement timeout
Traceback (most recent call last):
  File "C:\Work\python\production\mastertrack\process_location_map_supabase\app.py", line 357, in process_gps_detail_full_position
    cur.execute(f"""
psycopg2.errors.QueryCanceled: canceling statement due to statement timeout

2025-04-30 13:51:35,056 - INFO - Starting process_gps_tasks
2025-04-30 13:51:35,056 - INFO - Loading shapefiles
2025-04-30 13:51:35,056 - INFO - Loading shapefile: data_map3/Th_Country_region.shp
2025-04-30 13:51:35,079 - INFO - load shape file countries_gdf
2025-04-30 13:51:35,079 - INFO - Loading shapefile: data_map3/Th_Province_region.shp
2025-04-30 13:51:35,108 - INFO - load shape file provinces_gdf
2025-04-30 13:51:35,108 - INFO - Loading shapefile: data_map3/Th_Amphoe_region.shp
2025-04-30 13:51:35,185 - INFO - load shape file amphur_gdf
2025-04-30 13:51:35,185 - INFO - Loading shapefile: data_map3/Th_Tambon_region.shp
2025-04-30 13:51:35,347 - INFO - load shape file tambon_gdf
2025-04-30 13:51:35,348 - INFO - Shape Files : Loaded
2025-04-30 13:51:35,595 - INFO - Connected to database
2025-04-30 13:51:35,762 - INFO - Fetched 51 records to process.
2025-04-30 13:51:37,297 - INFO - Finished process_gps_detail
2025-04-30 13:53:37,612 - ERROR - Error query processing GPS detail process_gps_detail_full_position: canceling statement due to statement timeout
Traceback (most recent call last):
  File "C:\Work\python\production\mastertrack\process_location_map_supabase\app.py", line 357, in process_gps_detail_full_position
    cur.execute(f"""
psycopg2.errors.QueryCanceled: canceling statement due to statement timeout

2025-04-30 13:54:44,542 - INFO - Starting process_gps_tasks
2025-04-30 13:54:44,542 - INFO - Loading shapefiles
2025-04-30 13:54:44,542 - INFO - Loading shapefile: data_map3/Th_Country_region.shp
2025-04-30 13:54:44,562 - INFO - load shape file countries_gdf
2025-04-30 13:54:44,562 - INFO - Loading shapefile: data_map3/Th_Province_region.shp
2025-04-30 13:54:44,589 - INFO - load shape file provinces_gdf
2025-04-30 13:54:44,589 - INFO - Loading shapefile: data_map3/Th_Amphoe_region.shp
2025-04-30 13:54:44,667 - INFO - load shape file amphur_gdf
2025-04-30 13:54:44,668 - INFO - Loading shapefile: data_map3/Th_Tambon_region.shp
2025-04-30 13:54:44,858 - INFO - load shape file tambon_gdf
2025-04-30 13:54:44,859 - INFO - Shape Files : Loaded
2025-04-30 13:54:45,116 - INFO - Connected to database
2025-04-30 13:54:45,284 - INFO - Fetched 64 records to process.
2025-04-30 13:54:47,131 - INFO - Finished process_gps_detail
2025-04-30 13:56:47,463 - ERROR - Error query processing GPS detail process_gps_detail_full_position: canceling statement due to statement timeout
Traceback (most recent call last):
  File "C:\Work\python\production\mastertrack\process_location_map_supabase\app.py", line 357, in process_gps_detail_full_position
    cur.execute(f"""
psycopg2.errors.QueryCanceled: canceling statement due to statement timeout

2025-04-30 13:57:54,524 - INFO - Starting process_gps_tasks
2025-04-30 13:57:54,524 - INFO - Loading shapefiles
2025-04-30 13:57:54,524 - INFO - Loading shapefile: data_map3/Th_Country_region.shp
2025-04-30 13:57:54,544 - INFO - load shape file countries_gdf
2025-04-30 13:57:54,544 - INFO - Loading shapefile: data_map3/Th_Province_region.shp
2025-04-30 13:57:54,571 - INFO - load shape file provinces_gdf
2025-04-30 13:57:54,571 - INFO - Loading shapefile: data_map3/Th_Amphoe_region.shp
2025-04-30 13:57:54,647 - INFO - load shape file amphur_gdf
2025-04-30 13:57:54,647 - INFO - Loading shapefile: data_map3/Th_Tambon_region.shp
2025-04-30 13:57:54,813 - INFO - load shape file tambon_gdf
2025-04-30 13:57:54,813 - INFO - Shape Files : Loaded
2025-04-30 13:57:55,074 - INFO - Connected to database
2025-04-30 13:57:55,244 - INFO - Fetched 46 records to process.
2025-04-30 13:57:56,627 - INFO - Finished process_gps_detail
2025-04-30 13:59:56,971 - ERROR - Error query processing GPS detail process_gps_detail_full_position: canceling statement due to statement timeout
Traceback (most recent call last):
  File "C:\Work\python\production\mastertrack\process_location_map_supabase\app.py", line 357, in process_gps_detail_full_position
    cur.execute(f"""
psycopg2.errors.QueryCanceled: canceling statement due to statement timeout

2025-04-30 14:01:05,211 - INFO - Starting process_gps_tasks
2025-04-30 14:01:05,211 - INFO - Loading shapefiles
2025-04-30 14:01:05,212 - INFO - Loading shapefile: data_map3/Th_Country_region.shp
2025-04-30 14:01:05,231 - INFO - load shape file countries_gdf
2025-04-30 14:01:05,231 - INFO - Loading shapefile: data_map3/Th_Province_region.shp
2025-04-30 14:01:05,258 - INFO - load shape file provinces_gdf
2025-04-30 14:01:05,258 - INFO - Loading shapefile: data_map3/Th_Amphoe_region.shp
2025-04-30 14:01:05,336 - INFO - load shape file amphur_gdf
2025-04-30 14:01:05,336 - INFO - Loading shapefile: data_map3/Th_Tambon_region.shp
2025-04-30 14:01:05,531 - INFO - load shape file tambon_gdf
2025-04-30 14:01:05,531 - INFO - Shape Files : Loaded
2025-04-30 14:01:05,754 - INFO - Connected to database
2025-04-30 14:01:05,926 - INFO - Fetched 55 records to process.
2025-04-30 14:01:07,798 - INFO - Finished process_gps_detail
2025-04-30 14:03:08,135 - ERROR - Error query processing GPS detail process_gps_detail_full_position: canceling statement due to statement timeout
Traceback (most recent call last):
  File "C:\Work\python\production\mastertrack\process_location_map_supabase\app.py", line 357, in process_gps_detail_full_position
    cur.execute(f"""
psycopg2.errors.QueryCanceled: canceling statement due to statement timeout

2025-04-30 14:04:15,255 - INFO - Starting process_gps_tasks
2025-04-30 14:04:15,255 - INFO - Loading shapefiles
2025-04-30 14:04:15,255 - INFO - Loading shapefile: data_map3/Th_Country_region.shp
2025-04-30 14:04:15,275 - INFO - load shape file countries_gdf
2025-04-30 14:04:15,276 - INFO - Loading shapefile: data_map3/Th_Province_region.shp
2025-04-30 14:04:15,305 - INFO - load shape file provinces_gdf
2025-04-30 14:04:15,305 - INFO - Loading shapefile: data_map3/Th_Amphoe_region.shp
2025-04-30 14:04:15,396 - INFO - load shape file amphur_gdf
2025-04-30 14:04:15,396 - INFO - Loading shapefile: data_map3/Th_Tambon_region.shp
2025-04-30 14:04:15,560 - INFO - load shape file tambon_gdf
2025-04-30 14:04:15,561 - INFO - Shape Files : Loaded
2025-04-30 14:04:15,820 - INFO - Connected to database
2025-04-30 14:04:15,987 - INFO - Fetched 58 records to process.
2025-04-30 14:04:17,570 - INFO - Finished process_gps_detail
2025-04-30 14:06:17,871 - ERROR - Error query processing GPS detail process_gps_detail_full_position: canceling statement due to statement timeout
Traceback (most recent call last):
  File "C:\Work\python\production\mastertrack\process_location_map_supabase\app.py", line 357, in process_gps_detail_full_position
    cur.execute(f"""
psycopg2.errors.QueryCanceled: canceling statement due to statement timeout

2025-04-30 14:07:24,806 - INFO - Starting process_gps_tasks
2025-04-30 14:07:24,806 - INFO - Loading shapefiles
2025-04-30 14:07:24,807 - INFO - Loading shapefile: data_map3/Th_Country_region.shp
2025-04-30 14:07:24,824 - INFO - load shape file countries_gdf
2025-04-30 14:07:24,824 - INFO - Loading shapefile: data_map3/Th_Province_region.shp
2025-04-30 14:07:24,853 - INFO - load shape file provinces_gdf
2025-04-30 14:07:24,853 - INFO - Loading shapefile: data_map3/Th_Amphoe_region.shp
2025-04-30 14:07:24,925 - INFO - load shape file amphur_gdf
2025-04-30 14:07:24,925 - INFO - Loading shapefile: data_map3/Th_Tambon_region.shp
2025-04-30 14:07:25,078 - INFO - load shape file tambon_gdf
2025-04-30 14:07:25,079 - INFO - Shape Files : Loaded
2025-04-30 14:07:25,322 - INFO - Connected to database
2025-04-30 14:07:25,496 - INFO - Fetched 48 records to process.
2025-04-30 14:07:27,014 - INFO - Finished process_gps_detail
2025-04-30 14:09:27,319 - ERROR - Error query processing GPS detail process_gps_detail_full_position: canceling statement due to statement timeout
Traceback (most recent call last):
  File "C:\Work\python\production\mastertrack\process_location_map_supabase\app.py", line 357, in process_gps_detail_full_position
    cur.execute(f"""
psycopg2.errors.QueryCanceled: canceling statement due to statement timeout

2025-04-30 14:10:34,581 - INFO - Starting process_gps_tasks
2025-04-30 14:10:34,582 - INFO - Loading shapefiles
2025-04-30 14:10:34,582 - INFO - Loading shapefile: data_map3/Th_Country_region.shp
2025-04-30 14:10:34,603 - INFO - load shape file countries_gdf
2025-04-30 14:10:34,603 - INFO - Loading shapefile: data_map3/Th_Province_region.shp
2025-04-30 14:10:34,639 - INFO - load shape file provinces_gdf
2025-04-30 14:10:34,639 - INFO - Loading shapefile: data_map3/Th_Amphoe_region.shp
2025-04-30 14:10:34,729 - INFO - load shape file amphur_gdf
2025-04-30 14:10:34,729 - INFO - Loading shapefile: data_map3/Th_Tambon_region.shp
2025-04-30 14:10:34,896 - INFO - load shape file tambon_gdf
2025-04-30 14:10:34,896 - INFO - Shape Files : Loaded
2025-04-30 14:10:35,129 - INFO - Connected to database
2025-04-30 14:10:35,292 - INFO - Fetched 62 records to process.
2025-04-30 14:10:36,933 - INFO - Finished process_gps_detail
2025-04-30 14:12:37,250 - ERROR - Error query processing GPS detail process_gps_detail_full_position: canceling statement due to statement timeout
Traceback (most recent call last):
  File "C:\Work\python\production\mastertrack\process_location_map_supabase\app.py", line 357, in process_gps_detail_full_position
    cur.execute(f"""
psycopg2.errors.QueryCanceled: canceling statement due to statement timeout

2025-04-30 14:13:44,081 - INFO - Starting process_gps_tasks
2025-04-30 14:13:44,081 - INFO - Loading shapefiles
2025-04-30 14:13:44,081 - INFO - Loading shapefile: data_map3/Th_Country_region.shp
2025-04-30 14:13:44,104 - INFO - load shape file countries_gdf
2025-04-30 14:13:44,104 - INFO - Loading shapefile: data_map3/Th_Province_region.shp
2025-04-30 14:13:44,138 - INFO - load shape file provinces_gdf
2025-04-30 14:13:44,138 - INFO - Loading shapefile: data_map3/Th_Amphoe_region.shp
2025-04-30 14:13:44,216 - INFO - load shape file amphur_gdf
2025-04-30 14:13:44,216 - INFO - Loading shapefile: data_map3/Th_Tambon_region.shp
2025-04-30 14:13:44,388 - INFO - load shape file tambon_gdf
2025-04-30 14:13:44,388 - INFO - Shape Files : Loaded
2025-04-30 14:13:44,633 - INFO - Connected to database
2025-04-30 14:13:44,818 - INFO - Fetched 61 records to process.
2025-04-30 14:13:46,775 - INFO - Finished process_gps_detail
2025-04-30 14:15:47,149 - ERROR - Error query processing GPS detail process_gps_detail_full_position: canceling statement due to statement timeout
Traceback (most recent call last):
  File "C:\Work\python\production\mastertrack\process_location_map_supabase\app.py", line 357, in process_gps_detail_full_position
    cur.execute(f"""
psycopg2.errors.QueryCanceled: canceling statement due to statement timeout

2025-04-30 14:16:56,703 - INFO - Starting process_gps_tasks
2025-04-30 14:16:56,703 - INFO - Loading shapefiles
2025-04-30 14:16:56,704 - INFO - Loading shapefile: data_map3/Th_Country_region.shp
2025-04-30 14:16:56,725 - INFO - load shape file countries_gdf
2025-04-30 14:16:56,725 - INFO - Loading shapefile: data_map3/Th_Province_region.shp
2025-04-30 14:16:56,755 - INFO - load shape file provinces_gdf
2025-04-30 14:16:56,755 - INFO - Loading shapefile: data_map3/Th_Amphoe_region.shp
2025-04-30 14:16:56,831 - INFO - load shape file amphur_gdf
2025-04-30 14:16:56,831 - INFO - Loading shapefile: data_map3/Th_Tambon_region.shp
2025-04-30 14:16:56,991 - INFO - load shape file tambon_gdf
2025-04-30 14:16:56,992 - INFO - Shape Files : Loaded
2025-04-30 14:16:57,212 - INFO - Connected to database
2025-04-30 14:16:57,377 - INFO - Fetched 71 records to process.
2025-04-30 14:16:59,601 - INFO - Finished process_gps_detail
2025-04-30 14:18:59,950 - ERROR - Error query processing GPS detail process_gps_detail_full_position: canceling statement due to statement timeout
Traceback (most recent call last):
  File "C:\Work\python\production\mastertrack\process_location_map_supabase\app.py", line 357, in process_gps_detail_full_position
    cur.execute(f"""
psycopg2.errors.QueryCanceled: canceling statement due to statement timeout

2025-04-30 14:20:00,752 - INFO - Starting process_gps_tasks
2025-04-30 14:20:00,752 - INFO - Loading shapefiles
2025-04-30 14:20:00,752 - INFO - Loading shapefile: data_map3/Th_Country_region.shp
2025-04-30 14:20:00,774 - INFO - load shape file countries_gdf
2025-04-30 14:20:00,774 - INFO - Loading shapefile: data_map3/Th_Province_region.shp
2025-04-30 14:20:00,803 - INFO - load shape file provinces_gdf
2025-04-30 14:20:00,803 - INFO - Loading shapefile: data_map3/Th_Amphoe_region.shp
2025-04-30 14:20:00,879 - INFO - load shape file amphur_gdf
2025-04-30 14:20:00,879 - INFO - Loading shapefile: data_map3/Th_Tambon_region.shp
2025-04-30 14:20:01,063 - INFO - load shape file tambon_gdf
2025-04-30 14:20:01,063 - INFO - Shape Files : Loaded
2025-04-30 14:20:01,303 - INFO - Connected to database
2025-04-30 14:20:01,475 - INFO - Fetched 58 records to process.
2025-04-30 14:20:03,176 - INFO - Finished process_gps_detail
2025-04-30 14:23:11,803 - INFO - Starting process_gps_tasks
2025-04-30 14:23:11,803 - INFO - Loading shapefiles
2025-04-30 14:23:11,803 - INFO - Loading shapefile: data_map3/Th_Country_region.shp
2025-04-30 14:23:11,823 - INFO - load shape file countries_gdf
2025-04-30 14:23:11,823 - INFO - Loading shapefile: data_map3/Th_Province_region.shp
2025-04-30 14:23:11,853 - INFO - load shape file provinces_gdf
2025-04-30 14:23:11,853 - INFO - Loading shapefile: data_map3/Th_Amphoe_region.shp
2025-04-30 14:23:11,925 - INFO - load shape file amphur_gdf
2025-04-30 14:23:11,925 - INFO - Loading shapefile: data_map3/Th_Tambon_region.shp
2025-04-30 14:23:12,076 - INFO - load shape file tambon_gdf
2025-04-30 14:23:12,077 - INFO - Shape Files : Loaded
2025-04-30 14:23:12,363 - INFO - Connected to database
2025-04-30 14:23:12,543 - INFO - Fetched 62 records to process.
2025-04-30 14:23:14,157 - INFO - Finished process_gps_detail
2025-04-30 14:25:14,505 - ERROR - Error query processing GPS detail process_gps_detail_full_position: canceling statement due to statement timeout
Traceback (most recent call last):
  File "C:\Work\python\production\mastertrack\process_location_map_supabase\app.py", line 357, in process_gps_detail_full_position
    cur.execute(f"""
psycopg2.errors.QueryCanceled: canceling statement due to statement timeout

2025-04-30 14:26:21,244 - INFO - Starting process_gps_tasks
2025-04-30 14:26:21,244 - INFO - Loading shapefiles
2025-04-30 14:26:21,244 - INFO - Loading shapefile: data_map3/Th_Country_region.shp
2025-04-30 14:26:21,264 - INFO - load shape file countries_gdf
2025-04-30 14:26:21,264 - INFO - Loading shapefile: data_map3/Th_Province_region.shp
2025-04-30 14:26:21,295 - INFO - load shape file provinces_gdf
2025-04-30 14:26:21,295 - INFO - Loading shapefile: data_map3/Th_Amphoe_region.shp
2025-04-30 14:26:21,365 - INFO - load shape file amphur_gdf
2025-04-30 14:26:21,365 - INFO - Loading shapefile: data_map3/Th_Tambon_region.shp
2025-04-30 14:26:21,518 - INFO - load shape file tambon_gdf
2025-04-30 14:26:21,519 - INFO - Shape Files : Loaded
2025-04-30 14:26:21,853 - INFO - Connected to database
2025-04-30 14:26:22,008 - INFO - Fetched 54 records to process.
2025-04-30 14:26:23,668 - INFO - Finished process_gps_detail
2025-04-30 14:28:23,995 - ERROR - Error query processing GPS detail process_gps_detail_full_position: canceling statement due to statement timeout
Traceback (most recent call last):
  File "C:\Work\python\production\mastertrack\process_location_map_supabase\app.py", line 357, in process_gps_detail_full_position
    cur.execute(f"""
psycopg2.errors.QueryCanceled: canceling statement due to statement timeout

2025-04-30 14:29:31,189 - INFO - Starting process_gps_tasks
2025-04-30 14:29:31,189 - INFO - Loading shapefiles
2025-04-30 14:29:31,189 - INFO - Loading shapefile: data_map3/Th_Country_region.shp
2025-04-30 14:29:31,207 - INFO - load shape file countries_gdf
2025-04-30 14:29:31,207 - INFO - Loading shapefile: data_map3/Th_Province_region.shp
2025-04-30 14:29:31,237 - INFO - load shape file provinces_gdf
2025-04-30 14:29:31,237 - INFO - Loading shapefile: data_map3/Th_Amphoe_region.shp
2025-04-30 14:29:31,308 - INFO - load shape file amphur_gdf
2025-04-30 14:29:31,308 - INFO - Loading shapefile: data_map3/Th_Tambon_region.shp
2025-04-30 14:29:31,466 - INFO - load shape file tambon_gdf
2025-04-30 14:29:31,466 - INFO - Shape Files : Loaded
2025-04-30 14:29:31,727 - INFO - Connected to database
2025-04-30 14:29:31,881 - INFO - Fetched 53 records to process.
2025-04-30 14:29:33,181 - INFO - Finished process_gps_detail
2025-04-30 14:31:33,500 - ERROR - Error query processing GPS detail process_gps_detail_full_position: canceling statement due to statement timeout
Traceback (most recent call last):
  File "C:\Work\python\production\mastertrack\process_location_map_supabase\app.py", line 357, in process_gps_detail_full_position
    cur.execute(f"""
psycopg2.errors.QueryCanceled: canceling statement due to statement timeout

2025-04-30 14:32:40,747 - INFO - Starting process_gps_tasks
2025-04-30 14:32:40,747 - INFO - Loading shapefiles
2025-04-30 14:32:40,748 - INFO - Loading shapefile: data_map3/Th_Country_region.shp
2025-04-30 14:32:40,825 - INFO - load shape file countries_gdf
2025-04-30 14:32:40,825 - INFO - Loading shapefile: data_map3/Th_Province_region.shp
2025-04-30 14:32:40,854 - INFO - load shape file provinces_gdf
2025-04-30 14:32:40,854 - INFO - Loading shapefile: data_map3/Th_Amphoe_region.shp
2025-04-30 14:32:40,926 - INFO - load shape file amphur_gdf
2025-04-30 14:32:40,926 - INFO - Loading shapefile: data_map3/Th_Tambon_region.shp
2025-04-30 14:32:41,095 - INFO - load shape file tambon_gdf
2025-04-30 14:32:41,096 - INFO - Shape Files : Loaded
2025-04-30 14:32:41,324 - INFO - Connected to database
2025-04-30 14:32:41,480 - INFO - Fetched 49 records to process.
2025-04-30 14:32:43,091 - INFO - Finished process_gps_detail
2025-04-30 14:34:43,396 - ERROR - Error query processing GPS detail process_gps_detail_full_position: canceling statement due to statement timeout
Traceback (most recent call last):
  File "C:\Work\python\production\mastertrack\process_location_map_supabase\app.py", line 357, in process_gps_detail_full_position
    cur.execute(f"""
psycopg2.errors.QueryCanceled: canceling statement due to statement timeout

2025-04-30 14:35:52,945 - INFO - Starting process_gps_tasks
2025-04-30 14:35:52,945 - INFO - Loading shapefiles
2025-04-30 14:35:52,945 - INFO - Loading shapefile: data_map3/Th_Country_region.shp
2025-04-30 14:35:52,972 - INFO - load shape file countries_gdf
2025-04-30 14:35:52,972 - INFO - Loading shapefile: data_map3/Th_Province_region.shp
2025-04-30 14:35:53,007 - INFO - load shape file provinces_gdf
2025-04-30 14:35:53,007 - INFO - Loading shapefile: data_map3/Th_Amphoe_region.shp
2025-04-30 14:35:53,094 - INFO - load shape file amphur_gdf
2025-04-30 14:35:53,094 - INFO - Loading shapefile: data_map3/Th_Tambon_region.shp
2025-04-30 14:35:53,262 - INFO - load shape file tambon_gdf
2025-04-30 14:35:53,262 - INFO - Shape Files : Loaded
2025-04-30 14:35:53,520 - INFO - Connected to database
2025-04-30 14:35:53,681 - INFO - Fetched 60 records to process.
2025-04-30 14:35:55,425 - INFO - Finished process_gps_detail
2025-04-30 14:37:55,756 - ERROR - Error query processing GPS detail process_gps_detail_full_position: canceling statement due to statement timeout
Traceback (most recent call last):
  File "C:\Work\python\production\mastertrack\process_location_map_supabase\app.py", line 357, in process_gps_detail_full_position
    cur.execute(f"""
psycopg2.errors.QueryCanceled: canceling statement due to statement timeout

2025-04-30 14:38:47,107 - INFO - Settings loaded successfully
2025-04-30 14:39:47,109 - INFO - Starting process_gps_tasks
2025-04-30 14:39:47,109 - INFO - Loading shapefiles
2025-04-30 14:39:47,109 - INFO - Loading shapefile: data_map3/Th_Country_region.shp
2025-04-30 14:39:47,250 - INFO - load shape file countries_gdf
2025-04-30 14:39:47,250 - INFO - Loading shapefile: data_map3/Th_Province_region.shp
2025-04-30 14:39:47,279 - INFO - load shape file provinces_gdf
2025-04-30 14:39:47,279 - INFO - Loading shapefile: data_map3/Th_Amphoe_region.shp
2025-04-30 14:39:47,362 - INFO - load shape file amphur_gdf
2025-04-30 14:39:47,362 - INFO - Loading shapefile: data_map3/Th_Tambon_region.shp
2025-04-30 14:39:47,544 - INFO - load shape file tambon_gdf
2025-04-30 14:39:47,545 - INFO - Shape Files : Loaded
2025-04-30 14:39:47,786 - INFO - Connected to database
2025-04-30 14:39:47,867 - INFO - Fetched 0 records to process.
2025-04-30 14:39:47,937 - INFO - Finished process_gps_detail
2025-04-30 14:42:30,962 - INFO - Starting process_gps_tasks
2025-04-30 14:42:30,963 - INFO - Loading shapefiles
2025-04-30 14:42:30,963 - INFO - Loading shapefile: data_map3/Th_Country_region.shp
2025-04-30 14:42:30,982 - INFO - load shape file countries_gdf
2025-04-30 14:42:30,982 - INFO - Loading shapefile: data_map3/Th_Province_region.shp
2025-04-30 14:42:31,011 - INFO - load shape file provinces_gdf
2025-04-30 14:42:31,011 - INFO - Loading shapefile: data_map3/Th_Amphoe_region.shp
2025-04-30 14:42:31,098 - INFO - load shape file amphur_gdf
2025-04-30 14:42:31,098 - INFO - Loading shapefile: data_map3/Th_Tambon_region.shp
2025-04-30 14:42:31,272 - INFO - load shape file tambon_gdf
2025-04-30 14:42:31,272 - INFO - Shape Files : Loaded
2025-04-30 14:42:31,512 - INFO - Connected to database
2025-04-30 14:42:31,588 - INFO - Fetched 0 records to process.
2025-04-30 14:42:31,646 - INFO - Finished process_gps_detail
2025-04-30 15:42:06,622 - INFO - Settings loaded successfully
2025-04-30 15:43:06,623 - INFO - Starting process_gps_tasks
2025-04-30 15:43:06,623 - INFO - Loading shapefiles
2025-04-30 15:43:06,623 - INFO - Loading shapefile: data_map3/Th_Country_region.shp
2025-04-30 15:43:06,822 - INFO - load shape file countries_gdf
2025-04-30 15:43:06,822 - INFO - Loading shapefile: data_map3/Th_Province_region.shp
2025-04-30 15:43:06,860 - INFO - load shape file provinces_gdf
2025-04-30 15:43:06,860 - INFO - Loading shapefile: data_map3/Th_Amphoe_region.shp
2025-04-30 15:43:06,944 - INFO - load shape file amphur_gdf
2025-04-30 15:43:06,944 - INFO - Loading shapefile: data_map3/Th_Tambon_region.shp
2025-04-30 15:43:07,138 - INFO - load shape file tambon_gdf
2025-04-30 15:43:07,138 - INFO - Shape Files : Loaded
2025-04-30 15:43:07,360 - INFO - Connected to database
2025-04-30 15:43:07,447 - INFO - Fetched 2 records to process.
2025-04-30 15:43:07,660 - INFO - Finished process_gps_detail
2025-04-30 15:45:07,948 - WARNING - Query timeout occurred, reducing limit for next run
2025-04-30 15:45:07,967 - ERROR - Error query processing GPS detail process_gps_detail_full_position: cannot access local variable 'total_records' where it is not associated with a value
Traceback (most recent call last):
  File "C:\Work\python\production\mastertrack\process_location_map_supabase\app.py", line 376, in process_gps_detail_full_position
    if total_records == 0:
       ^^^^^^^^^^^^^
UnboundLocalError: cannot access local variable 'total_records' where it is not associated with a value
2025-04-30 15:46:09,199 - INFO - Starting process_gps_tasks
2025-04-30 15:46:09,199 - INFO - Loading shapefiles
2025-04-30 15:46:09,199 - INFO - Loading shapefile: data_map3/Th_Country_region.shp
2025-04-30 15:46:09,220 - INFO - load shape file countries_gdf
2025-04-30 15:46:09,220 - INFO - Loading shapefile: data_map3/Th_Province_region.shp
2025-04-30 15:46:09,245 - INFO - load shape file provinces_gdf
2025-04-30 15:46:09,245 - INFO - Loading shapefile: data_map3/Th_Amphoe_region.shp
2025-04-30 15:46:09,324 - INFO - load shape file amphur_gdf
2025-04-30 15:46:09,324 - INFO - Loading shapefile: data_map3/Th_Tambon_region.shp
2025-04-30 15:46:09,510 - INFO - load shape file tambon_gdf
2025-04-30 15:46:09,510 - INFO - Shape Files : Loaded
2025-04-30 15:46:09,726 - INFO - Connected to database
2025-04-30 15:46:09,908 - INFO - Fetched 48 records to process.
2025-04-30 15:46:11,593 - INFO - Finished process_gps_detail
2025-04-30 15:48:11,925 - WARNING - Query timeout occurred, reducing limit for next run
2025-04-30 15:48:11,957 - ERROR - Error query processing GPS detail process_gps_detail_full_position: cannot access local variable 'total_records' where it is not associated with a value
Traceback (most recent call last):
  File "C:\Work\python\production\mastertrack\process_location_map_supabase\app.py", line 376, in process_gps_detail_full_position
    logging.info(f"Automatically reduced limit_records to {limit_records}")
    ^^^^^^^^^^^^^
UnboundLocalError: cannot access local variable 'total_records' where it is not associated with a value
2025-04-30 15:49:19,129 - INFO - Starting process_gps_tasks
2025-04-30 15:49:19,129 - INFO - Loading shapefiles
2025-04-30 15:49:19,129 - INFO - Loading shapefile: data_map3/Th_Country_region.shp
2025-04-30 15:49:19,154 - INFO - load shape file countries_gdf
2025-04-30 15:49:19,154 - INFO - Loading shapefile: data_map3/Th_Province_region.shp
2025-04-30 15:49:19,179 - INFO - load shape file provinces_gdf
2025-04-30 15:49:19,179 - INFO - Loading shapefile: data_map3/Th_Amphoe_region.shp
2025-04-30 15:49:19,282 - INFO - load shape file amphur_gdf
2025-04-30 15:49:19,282 - INFO - Loading shapefile: data_map3/Th_Tambon_region.shp
2025-04-30 15:49:19,487 - INFO - load shape file tambon_gdf
2025-04-30 15:49:19,487 - INFO - Shape Files : Loaded
2025-04-30 15:49:19,752 - INFO - Connected to database
2025-04-30 15:49:19,916 - INFO - Fetched 49 records to process.
2025-04-30 15:49:21,916 - INFO - Finished process_gps_detail
2025-04-30 15:50:10,853 - INFO - Settings loaded successfully
2025-04-30 15:51:58,315 - INFO - Settings loaded successfully
2025-04-30 15:52:58,324 - INFO - Starting process_gps_tasks
2025-04-30 15:52:58,324 - INFO - Loading shapefiles
2025-04-30 15:52:58,324 - INFO - Loading shapefile: data_map3/Th_Country_region.shp
2025-04-30 15:52:58,402 - INFO - load shape file countries_gdf
2025-04-30 15:52:58,402 - INFO - Loading shapefile: data_map3/Th_Province_region.shp
2025-04-30 15:52:58,441 - INFO - load shape file provinces_gdf
2025-04-30 15:52:58,441 - INFO - Loading shapefile: data_map3/Th_Amphoe_region.shp
2025-04-30 15:52:58,524 - INFO - load shape file amphur_gdf
2025-04-30 15:52:58,524 - INFO - Loading shapefile: data_map3/Th_Tambon_region.shp
2025-04-30 15:52:58,700 - INFO - load shape file tambon_gdf
2025-04-30 15:52:58,700 - INFO - Shape Files : Loaded
2025-04-30 15:52:58,934 - INFO - Connected to database
2025-04-30 15:52:59,025 - INFO - Fetched 9 records to process.
2025-04-30 15:52:59,297 - INFO - Finished process_gps_detail
2025-04-30 15:54:59,584 - WARNING - Query timeout occurred, consider reducing limit_records in settings.json
2025-04-30 15:54:59,585 - INFO - Automatically reduced limit_records to 3500
2025-04-30 15:56:00,242 - INFO - Starting process_gps_tasks
2025-04-30 15:56:00,242 - INFO - Loading shapefiles
2025-04-30 15:56:00,242 - INFO - Loading shapefile: data_map3/Th_Country_region.shp
2025-04-30 15:56:00,261 - INFO - load shape file countries_gdf
2025-04-30 15:56:00,261 - INFO - Loading shapefile: data_map3/Th_Province_region.shp
2025-04-30 15:56:00,289 - INFO - load shape file provinces_gdf
2025-04-30 15:56:00,289 - INFO - Loading shapefile: data_map3/Th_Amphoe_region.shp
2025-04-30 15:56:00,362 - INFO - load shape file amphur_gdf
2025-04-30 15:56:00,362 - INFO - Loading shapefile: data_map3/Th_Tambon_region.shp
2025-04-30 15:56:00,528 - INFO - load shape file tambon_gdf
2025-04-30 15:56:00,528 - INFO - Shape Files : Loaded
2025-04-30 15:56:00,763 - INFO - Connected to database
2025-04-30 15:56:00,841 - INFO - Fetched 14 records to process.
2025-04-30 15:56:01,293 - INFO - Finished process_gps_detail
2025-04-30 15:58:18,743 - INFO - Starting process_gps_tasks
2025-04-30 15:58:18,743 - INFO - Loading shapefiles
2025-04-30 15:58:18,743 - INFO - Loading shapefile: data_map3/Th_Country_region.shp
2025-04-30 15:58:18,762 - INFO - load shape file countries_gdf
2025-04-30 15:58:18,762 - INFO - Loading shapefile: data_map3/Th_Province_region.shp
2025-04-30 15:58:18,793 - INFO - load shape file provinces_gdf
2025-04-30 15:58:18,793 - INFO - Loading shapefile: data_map3/Th_Amphoe_region.shp
2025-04-30 15:58:18,870 - INFO - load shape file amphur_gdf
2025-04-30 15:58:18,870 - INFO - Loading shapefile: data_map3/Th_Tambon_region.shp
2025-04-30 15:58:19,034 - INFO - load shape file tambon_gdf
2025-04-30 15:58:19,034 - INFO - Shape Files : Loaded
2025-04-30 15:58:19,252 - INFO - Connected to database
2025-04-30 15:58:19,416 - INFO - Fetched 38 records to process.
2025-04-30 15:58:20,649 - INFO - Finished process_gps_detail
2025-04-30 16:00:20,976 - WARNING - Query timeout occurred, consider reducing limit_records in settings.json
2025-04-30 16:00:20,976 - INFO - Automatically reduced limit_records to 1750
2025-04-30 16:01:26,540 - INFO - Starting process_gps_tasks
2025-04-30 16:01:26,540 - INFO - Loading shapefiles
2025-04-30 16:01:26,540 - INFO - Loading shapefile: data_map3/Th_Country_region.shp
2025-04-30 16:01:26,561 - INFO - load shape file countries_gdf
2025-04-30 16:01:26,561 - INFO - Loading shapefile: data_map3/Th_Province_region.shp
2025-04-30 16:01:26,586 - INFO - load shape file provinces_gdf
2025-04-30 16:01:26,586 - INFO - Loading shapefile: data_map3/Th_Amphoe_region.shp
2025-04-30 16:01:26,666 - INFO - load shape file amphur_gdf
2025-04-30 16:01:26,666 - INFO - Loading shapefile: data_map3/Th_Tambon_region.shp
2025-04-30 16:01:26,830 - INFO - load shape file tambon_gdf
2025-04-30 16:01:26,830 - INFO - Shape Files : Loaded
2025-04-30 16:01:27,055 - INFO - Connected to database
2025-04-30 16:01:27,216 - INFO - Fetched 22 records to process.
2025-04-30 16:01:27,782 - INFO - Finished process_gps_detail
2025-04-30 16:03:28,109 - WARNING - Query timeout occurred, consider reducing limit_records in settings.json
2025-04-30 16:03:28,111 - INFO - Automatically reduced limit_records to 875
2025-04-30 16:04:34,308 - INFO - Starting process_gps_tasks
2025-04-30 16:04:34,317 - INFO - Loading shapefiles
2025-04-30 16:04:34,325 - INFO - Loading shapefile: data_map3/Th_Country_region.shp
2025-04-30 16:04:34,978 - INFO - load shape file countries_gdf
2025-04-30 16:04:34,980 - INFO - Loading shapefile: data_map3/Th_Province_region.shp
2025-04-30 16:04:35,848 - INFO - load shape file provinces_gdf
2025-04-30 16:04:35,852 - INFO - Loading shapefile: data_map3/Th_Amphoe_region.shp
2025-04-30 16:04:38,417 - INFO - load shape file amphur_gdf
2025-04-30 16:04:38,419 - INFO - Loading shapefile: data_map3/Th_Tambon_region.shp
2025-04-30 16:04:46,162 - INFO - load shape file tambon_gdf
2025-04-30 16:04:46,176 - INFO - Shape Files : Loaded
2025-04-30 16:04:46,838 - INFO - Connected to database
2025-04-30 16:04:47,046 - INFO - Fetched 28 records to process.
2025-04-30 16:05:15,971 - INFO - Finished process_gps_detail
2025-04-30 16:07:16,292 - WARNING - Query timeout occurred, consider reducing limit_records in settings.json
2025-04-30 16:08:16,869 - INFO - Starting process_gps_tasks
2025-04-30 16:08:16,869 - INFO - Loading shapefiles
2025-04-30 16:08:16,869 - INFO - Loading shapefile: data_map3/Th_Country_region.shp
2025-04-30 16:08:16,895 - INFO - load shape file countries_gdf
2025-04-30 16:08:16,895 - INFO - Loading shapefile: data_map3/Th_Province_region.shp
2025-04-30 16:08:16,927 - INFO - load shape file provinces_gdf
2025-04-30 16:08:16,927 - INFO - Loading shapefile: data_map3/Th_Amphoe_region.shp
2025-04-30 16:08:17,011 - INFO - load shape file amphur_gdf
2025-04-30 16:08:17,011 - INFO - Loading shapefile: data_map3/Th_Tambon_region.shp
2025-04-30 16:08:17,280 - INFO - load shape file tambon_gdf
2025-04-30 16:08:17,280 - INFO - Shape Files : Loaded
2025-04-30 16:08:17,540 - INFO - Connected to database
2025-04-30 16:08:17,614 - INFO - Fetched 0 records to process.
2025-04-30 16:08:17,672 - INFO - Finished process_gps_detail
2025-04-30 16:10:18,060 - WARNING - Query timeout occurred, consider reducing limit_records in settings.json
2025-04-30 16:11:21,387 - INFO - Starting process_gps_tasks
2025-04-30 16:11:21,387 - INFO - Loading shapefiles
2025-04-30 16:11:21,387 - INFO - Loading shapefile: data_map3/Th_Country_region.shp
2025-04-30 16:11:21,435 - INFO - load shape file countries_gdf
2025-04-30 16:11:21,435 - INFO - Loading shapefile: data_map3/Th_Province_region.shp
2025-04-30 16:11:21,493 - INFO - load shape file provinces_gdf
2025-04-30 16:11:21,493 - INFO - Loading shapefile: data_map3/Th_Amphoe_region.shp
2025-04-30 16:11:21,594 - INFO - load shape file amphur_gdf
2025-04-30 16:11:21,594 - INFO - Loading shapefile: data_map3/Th_Tambon_region.shp
2025-04-30 16:11:21,770 - INFO - load shape file tambon_gdf
2025-04-30 16:11:21,770 - INFO - Shape Files : Loaded
2025-04-30 16:11:22,069 - INFO - Connected to database
2025-04-30 16:11:22,246 - INFO - Fetched 52 records to process.
2025-04-30 16:11:23,550 - INFO - Finished process_gps_detail
2025-04-30 16:13:23,839 - WARNING - Query timeout occurred, consider reducing limit_records in settings.json
2025-04-30 16:16:39,399 - INFO - Settings loaded successfully
2025-04-30 16:17:39,404 - INFO - Starting process_gps_tasks
2025-04-30 16:17:39,404 - INFO - Loading shapefiles
2025-04-30 16:17:39,414 - INFO - Loading shapefile: data_map3/Th_Country_region.shp
2025-04-30 16:17:41,335 - INFO - Loading shapefile: data_map3/Th_Province_region.shp
2025-04-30 16:17:42,267 - INFO - Loading shapefile: data_map3/Th_Amphoe_region.shp
2025-04-30 16:17:45,013 - INFO - Loading shapefile: data_map3/Th_Tambon_region.shp
2025-04-30 16:17:52,010 - INFO - Shape Files : Loaded
2025-04-30 16:17:52,587 - INFO - Connected to database
2025-04-30 16:17:52,779 - INFO - Fetched 37 records to process.
2025-04-30 16:18:31,482 - INFO - Finished process_gps_detail
2025-04-30 16:21:37,707 - INFO - Starting process_gps_tasks
2025-04-30 16:21:37,707 - INFO - Loading shapefiles
2025-04-30 16:21:37,707 - INFO - Loading shapefile: data_map3/Th_Country_region.shp
2025-04-30 16:21:37,728 - INFO - Loading shapefile: data_map3/Th_Province_region.shp
2025-04-30 16:21:37,750 - INFO - Loading shapefile: data_map3/Th_Amphoe_region.shp
2025-04-30 16:21:37,829 - INFO - Loading shapefile: data_map3/Th_Tambon_region.shp
2025-04-30 16:21:37,993 - INFO - Shape Files : Loaded
2025-04-30 16:21:38,259 - INFO - Connected to database
2025-04-30 16:21:38,340 - INFO - Fetched 0 records to process.
2025-04-30 16:21:38,394 - INFO - Finished process_gps_detail
2025-04-30 16:24:39,941 - INFO - Starting process_gps_tasks
2025-04-30 16:24:39,941 - INFO - Loading shapefiles
2025-04-30 16:24:39,941 - INFO - Loading shapefile: data_map3/Th_Country_region.shp
2025-04-30 16:24:39,959 - INFO - Loading shapefile: data_map3/Th_Province_region.shp
2025-04-30 16:24:39,986 - INFO - Loading shapefile: data_map3/Th_Amphoe_region.shp
2025-04-30 16:24:40,063 - INFO - Loading shapefile: data_map3/Th_Tambon_region.shp
2025-04-30 16:24:40,220 - INFO - Shape Files : Loaded
2025-04-30 16:24:40,465 - INFO - Connected to database
2025-04-30 16:24:40,536 - INFO - Fetched 0 records to process.
2025-04-30 16:24:40,600 - INFO - Finished process_gps_detail
2025-04-30 16:26:40,913 - WARNING - Query timeout occurred, consider reducing limit_records in settings.json
2025-04-30 16:26:40,913 - INFO - Automatically reduced limit_records to 3500
2025-04-30 16:27:45,882 - INFO - Starting process_gps_tasks
2025-04-30 16:27:45,882 - INFO - Loading shapefiles
2025-04-30 16:27:45,882 - INFO - Loading shapefile: data_map3/Th_Country_region.shp
2025-04-30 16:27:45,913 - INFO - Loading shapefile: data_map3/Th_Province_region.shp
2025-04-30 16:27:45,944 - INFO - Loading shapefile: data_map3/Th_Amphoe_region.shp
2025-04-30 16:27:46,030 - INFO - Loading shapefile: data_map3/Th_Tambon_region.shp
2025-04-30 16:27:46,214 - INFO - Shape Files : Loaded
2025-04-30 16:27:46,442 - INFO - Connected to database
2025-04-30 16:27:46,614 - INFO - Fetched 30 records to process.
2025-04-30 16:27:47,660 - INFO - Finished process_gps_detail
2025-04-30 16:30:12,821 - INFO - Starting process_gps_tasks
2025-04-30 16:30:12,821 - INFO - Loading shapefiles
2025-04-30 16:30:12,821 - INFO - Loading shapefile: data_map3/Th_Country_region.shp
2025-04-30 16:30:12,847 - INFO - Loading shapefile: data_map3/Th_Province_region.shp
2025-04-30 16:30:12,885 - INFO - Loading shapefile: data_map3/Th_Amphoe_region.shp
2025-04-30 16:30:12,982 - INFO - Loading shapefile: data_map3/Th_Tambon_region.shp
2025-04-30 16:30:13,214 - INFO - Shape Files : Loaded
2025-04-30 16:30:13,460 - INFO - Connected to database
2025-04-30 16:30:13,541 - INFO - Fetched 45 records to process.
2025-04-30 16:30:15,494 - INFO - Finished process_gps_detail
2025-04-30 16:32:15,773 - WARNING - Query timeout occurred, consider reducing limit_records in settings.json
2025-04-30 16:32:15,773 - INFO - Automatically reduced limit_records to 1750
2025-04-30 16:33:22,559 - INFO - Starting process_gps_tasks
2025-04-30 16:33:22,559 - INFO - Loading shapefiles
2025-04-30 16:33:22,561 - INFO - Loading shapefile: data_map3/Th_Country_region.shp
2025-04-30 16:33:22,579 - INFO - Loading shapefile: data_map3/Th_Province_region.shp
2025-04-30 16:33:22,602 - INFO - Loading shapefile: data_map3/Th_Amphoe_region.shp
2025-04-30 16:33:22,682 - INFO - Loading shapefile: data_map3/Th_Tambon_region.shp
2025-04-30 16:33:22,953 - INFO - Shape Files : Loaded
2025-04-30 16:33:23,186 - INFO - Connected to database
2025-04-30 16:33:23,340 - INFO - Fetched 68 records to process.
2025-04-30 16:33:25,821 - INFO - Finished process_gps_detail
2025-04-30 16:35:26,156 - WARNING - Query timeout occurred, consider reducing limit_records in settings.json
2025-04-30 16:35:26,156 - INFO - Automatically reduced limit_records to 875
2025-04-30 16:36:27,944 - INFO - Starting process_gps_tasks
2025-04-30 16:36:27,944 - INFO - Loading shapefiles
2025-04-30 16:36:27,944 - INFO - Loading shapefile: data_map3/Th_Country_region.shp
2025-04-30 16:36:27,964 - INFO - Loading shapefile: data_map3/Th_Province_region.shp
2025-04-30 16:36:28,003 - INFO - Loading shapefile: data_map3/Th_Amphoe_region.shp
2025-04-30 16:36:28,087 - INFO - Loading shapefile: data_map3/Th_Tambon_region.shp
2025-04-30 16:36:28,249 - INFO - Shape Files : Loaded
2025-04-30 16:36:28,509 - INFO - Connected to database
2025-04-30 16:36:28,743 - INFO - Fetched 43 records to process.
2025-04-30 16:36:30,289 - INFO - Finished process_gps_detail
2025-04-30 16:38:30,583 - WARNING - Query timeout occurred, consider reducing limit_records in settings.json
2025-04-30 16:39:37,279 - INFO - Starting process_gps_tasks
2025-04-30 16:39:37,279 - INFO - Loading shapefiles
2025-04-30 16:39:37,279 - INFO - Loading shapefile: data_map3/Th_Country_region.shp
2025-04-30 16:39:37,300 - INFO - Loading shapefile: data_map3/Th_Province_region.shp
2025-04-30 16:39:37,321 - INFO - Loading shapefile: data_map3/Th_Amphoe_region.shp
2025-04-30 16:39:37,394 - INFO - Loading shapefile: data_map3/Th_Tambon_region.shp
2025-04-30 16:39:37,547 - INFO - Shape Files : Loaded
2025-04-30 16:39:37,773 - INFO - Connected to database
2025-04-30 16:39:37,947 - INFO - Fetched 27 records to process.
2025-04-30 16:39:38,973 - INFO - Finished process_gps_detail
2025-04-30 16:42:42,341 - INFO - Starting process_gps_tasks
2025-04-30 16:42:42,341 - INFO - Loading shapefiles
2025-04-30 16:42:42,341 - INFO - Loading shapefile: data_map3/Th_Country_region.shp
2025-04-30 16:42:42,357 - INFO - Loading shapefile: data_map3/Th_Province_region.shp
2025-04-30 16:42:42,392 - INFO - Loading shapefile: data_map3/Th_Amphoe_region.shp
2025-04-30 16:42:42,470 - INFO - Loading shapefile: data_map3/Th_Tambon_region.shp
2025-04-30 16:42:42,652 - INFO - Shape Files : Loaded
2025-04-30 16:42:42,895 - INFO - Connected to database
2025-04-30 16:42:43,050 - INFO - Fetched 42 records to process.
2025-04-30 16:42:44,331 - INFO - Finished process_gps_detail
2025-04-30 16:44:44,608 - WARNING - Query timeout occurred, consider reducing limit_records in settings.json
2025-04-30 16:45:51,689 - INFO - Starting process_gps_tasks
2025-04-30 16:45:51,689 - INFO - Loading shapefiles
2025-04-30 16:45:51,689 - INFO - Loading shapefile: data_map3/Th_Country_region.shp
2025-04-30 16:45:51,714 - INFO - Loading shapefile: data_map3/Th_Province_region.shp
2025-04-30 16:45:51,744 - INFO - Loading shapefile: data_map3/Th_Amphoe_region.shp
2025-04-30 16:45:51,815 - INFO - Loading shapefile: data_map3/Th_Tambon_region.shp
2025-04-30 16:45:51,969 - INFO - Shape Files : Loaded
2025-04-30 16:45:52,207 - INFO - Connected to database
2025-04-30 16:45:52,379 - INFO - Fetched 43 records to process.
2025-04-30 16:45:53,834 - INFO - Finished process_gps_detail
2025-04-30 16:47:54,171 - WARNING - Query timeout occurred, consider reducing limit_records in settings.json
2025-04-30 16:49:01,466 - INFO - Starting process_gps_tasks
2025-04-30 16:49:01,466 - INFO - Loading shapefiles
2025-04-30 16:49:01,466 - INFO - Loading shapefile: data_map3/Th_Country_region.shp
2025-04-30 16:49:01,484 - INFO - Loading shapefile: data_map3/Th_Province_region.shp
2025-04-30 16:49:01,507 - INFO - Loading shapefile: data_map3/Th_Amphoe_region.shp
2025-04-30 16:49:01,584 - INFO - Loading shapefile: data_map3/Th_Tambon_region.shp
2025-04-30 16:49:01,735 - INFO - Shape Files : Loaded
2025-04-30 16:49:01,955 - INFO - Connected to database
2025-04-30 16:49:02,124 - INFO - Fetched 48 records to process.
2025-04-30 16:49:03,792 - INFO - Finished process_gps_detail
2025-04-30 16:51:04,084 - WARNING - Query timeout occurred, consider reducing limit_records in settings.json
2025-04-30 16:52:11,050 - INFO - Starting process_gps_tasks
2025-04-30 16:52:11,050 - INFO - Loading shapefiles
2025-04-30 16:52:11,050 - INFO - Loading shapefile: data_map3/Th_Country_region.shp
2025-04-30 16:52:11,098 - INFO - Loading shapefile: data_map3/Th_Province_region.shp
2025-04-30 16:52:11,134 - INFO - Loading shapefile: data_map3/Th_Amphoe_region.shp
2025-04-30 16:52:11,220 - INFO - Loading shapefile: data_map3/Th_Tambon_region.shp
2025-04-30 16:52:11,395 - INFO - Shape Files : Loaded
2025-04-30 16:52:11,615 - INFO - Connected to database
2025-04-30 16:52:11,790 - INFO - Fetched 42 records to process.
2025-04-30 16:52:13,282 - INFO - Finished process_gps_detail
2025-04-30 16:54:13,579 - WARNING - Query timeout occurred, consider reducing limit_records in settings.json
2025-04-30 16:55:20,273 - INFO - Starting process_gps_tasks
2025-04-30 16:55:20,273 - INFO - Loading shapefiles
2025-04-30 16:55:20,274 - INFO - Loading shapefile: data_map3/Th_Country_region.shp
2025-04-30 16:55:20,302 - INFO - Loading shapefile: data_map3/Th_Province_region.shp
2025-04-30 16:55:20,336 - INFO - Loading shapefile: data_map3/Th_Amphoe_region.shp
2025-04-30 16:55:20,422 - INFO - Loading shapefile: data_map3/Th_Tambon_region.shp
2025-04-30 16:55:25,678 - INFO - Shape Files : Loaded
2025-04-30 16:55:25,892 - INFO - Connected to database
2025-04-30 16:55:26,052 - INFO - Fetched 49 records to process.
2025-04-30 16:55:27,612 - INFO - Finished process_gps_detail
2025-04-30 16:57:27,889 - WARNING - Query timeout occurred, consider reducing limit_records in settings.json
2025-04-30 16:58:35,604 - INFO - Starting process_gps_tasks
2025-04-30 16:58:35,604 - INFO - Loading shapefiles
2025-04-30 16:58:35,604 - INFO - Loading shapefile: data_map3/Th_Country_region.shp
2025-04-30 16:58:35,648 - INFO - Loading shapefile: data_map3/Th_Province_region.shp
2025-04-30 16:58:35,695 - INFO - Loading shapefile: data_map3/Th_Amphoe_region.shp
2025-04-30 16:58:35,793 - INFO - Loading shapefile: data_map3/Th_Tambon_region.shp
2025-04-30 16:58:35,996 - INFO - Shape Files : Loaded
2025-04-30 16:58:36,241 - INFO - Connected to database
2025-04-30 16:58:36,416 - INFO - Fetched 27 records to process.
2025-04-30 16:58:37,499 - INFO - Finished process_gps_detail
2025-04-30 17:00:37,824 - WARNING - Query timeout occurred, consider reducing limit_records in settings.json
2025-04-30 17:01:47,281 - INFO - Starting process_gps_tasks
2025-04-30 17:01:47,281 - INFO - Loading shapefiles
2025-04-30 17:01:47,281 - INFO - Loading shapefile: data_map3/Th_Country_region.shp
2025-04-30 17:01:47,308 - INFO - Loading shapefile: data_map3/Th_Province_region.shp
2025-04-30 17:01:47,343 - INFO - Loading shapefile: data_map3/Th_Amphoe_region.shp
2025-04-30 17:01:47,433 - INFO - Loading shapefile: data_map3/Th_Tambon_region.shp
2025-04-30 17:01:47,615 - INFO - Shape Files : Loaded
2025-04-30 17:01:47,879 - INFO - Connected to database
2025-04-30 17:01:48,046 - INFO - Fetched 34 records to process.
2025-04-30 17:01:49,606 - INFO - Finished process_gps_detail
2025-04-30 17:03:50,015 - WARNING - Query timeout occurred, consider reducing limit_records in settings.json
2025-04-30 17:04:58,539 - INFO - Starting process_gps_tasks
2025-04-30 17:05:01,725 - INFO - Loading shapefiles
2025-04-30 17:05:03,625 - INFO - Loading shapefile: data_map3/Th_Country_region.shp
2025-04-30 17:07:04,830 - INFO - Loading shapefile: data_map3/Th_Province_region.shp
2025-04-30 17:07:05,128 - INFO - Loading shapefile: data_map3/Th_Amphoe_region.shp
2025-04-30 17:07:05,498 - INFO - Loading shapefile: data_map3/Th_Tambon_region.shp
2025-04-30 17:07:06,362 - INFO - Shape Files : Loaded
2025-04-30 17:07:06,613 - INFO - Connected to database
2025-04-30 17:07:06,789 - INFO - Fetched 31 records to process.
2025-04-30 17:07:09,519 - INFO - Finished process_gps_detail
2025-04-30 17:09:01,927 - INFO - Starting process_gps_tasks
2025-04-30 17:09:01,927 - INFO - Loading shapefiles
2025-04-30 17:09:01,927 - INFO - Loading shapefile: data_map3/Th_Country_region.shp
2025-04-30 17:09:01,954 - INFO - Loading shapefile: data_map3/Th_Province_region.shp
2025-04-30 17:09:01,984 - INFO - Loading shapefile: data_map3/Th_Amphoe_region.shp
2025-04-30 17:09:02,072 - INFO - Loading shapefile: data_map3/Th_Tambon_region.shp
2025-04-30 17:09:02,246 - INFO - Shape Files : Loaded
2025-04-30 17:09:02,492 - INFO - Connected to database
2025-04-30 17:09:02,652 - INFO - Fetched 7 records to process.
2025-04-30 17:09:03,006 - INFO - Finished process_gps_detail
2025-04-30 17:12:08,702 - INFO - Starting process_gps_tasks
2025-04-30 17:12:08,702 - INFO - Loading shapefiles
2025-04-30 17:12:08,702 - INFO - Loading shapefile: data_map3/Th_Country_region.shp
2025-04-30 17:12:08,723 - INFO - Loading shapefile: data_map3/Th_Province_region.shp
2025-04-30 17:12:08,757 - INFO - Loading shapefile: data_map3/Th_Amphoe_region.shp
2025-04-30 17:12:08,834 - INFO - Loading shapefile: data_map3/Th_Tambon_region.shp
2025-04-30 17:12:08,996 - INFO - Shape Files : Loaded
2025-04-30 17:12:09,289 - INFO - Connected to database
2025-04-30 17:12:09,467 - INFO - Fetched 13 records to process.
2025-04-30 17:12:09,894 - INFO - Finished process_gps_detail
2025-04-30 17:14:10,185 - WARNING - Query timeout occurred, consider reducing limit_records in settings.json
2025-04-30 17:15:15,295 - INFO - Starting process_gps_tasks
2025-04-30 17:15:15,295 - INFO - Loading shapefiles
2025-04-30 17:15:15,295 - INFO - Loading shapefile: data_map3/Th_Country_region.shp
2025-04-30 17:15:15,315 - INFO - Loading shapefile: data_map3/Th_Province_region.shp
2025-04-30 17:15:15,347 - INFO - Loading shapefile: data_map3/Th_Amphoe_region.shp
2025-04-30 17:15:15,424 - INFO - Loading shapefile: data_map3/Th_Tambon_region.shp
2025-04-30 17:15:15,585 - INFO - Shape Files : Loaded
2025-04-30 17:15:15,973 - INFO - Connected to database
2025-04-30 17:15:16,169 - INFO - Fetched 40 records to process.
2025-04-30 17:15:17,566 - INFO - Finished process_gps_detail
2025-04-30 17:18:04,615 - INFO - Starting process_gps_tasks
2025-04-30 17:18:04,615 - INFO - Loading shapefiles
2025-04-30 17:18:04,615 - INFO - Loading shapefile: data_map3/Th_Country_region.shp
2025-04-30 17:18:04,639 - INFO - Loading shapefile: data_map3/Th_Province_region.shp
2025-04-30 17:18:04,669 - INFO - Loading shapefile: data_map3/Th_Amphoe_region.shp
2025-04-30 17:18:04,748 - INFO - Loading shapefile: data_map3/Th_Tambon_region.shp
2025-04-30 17:18:04,904 - INFO - Shape Files : Loaded
2025-04-30 17:18:05,187 - INFO - Connected to database
2025-04-30 17:18:05,355 - INFO - Fetched 38 records to process.
2025-04-30 17:18:06,837 - INFO - Finished process_gps_detail
2025-04-30 17:20:07,104 - WARNING - Query timeout occurred, consider reducing limit_records in settings.json
2025-04-30 17:21:13,915 - INFO - Starting process_gps_tasks
2025-04-30 17:21:13,915 - INFO - Loading shapefiles
2025-04-30 17:21:13,915 - INFO - Loading shapefile: data_map3/Th_Country_region.shp
2025-04-30 17:21:13,932 - INFO - Loading shapefile: data_map3/Th_Province_region.shp
2025-04-30 17:21:13,976 - INFO - Loading shapefile: data_map3/Th_Amphoe_region.shp
2025-04-30 17:21:14,099 - INFO - Loading shapefile: data_map3/Th_Tambon_region.shp
2025-04-30 17:21:14,309 - INFO - Shape Files : Loaded
2025-04-30 17:21:14,542 - INFO - Connected to database
2025-04-30 17:21:14,679 - INFO - Fetched 36 records to process.
2025-04-30 17:21:15,791 - INFO - Finished process_gps_detail
2025-04-30 17:23:16,060 - WARNING - Query timeout occurred, consider reducing limit_records in settings.json
2025-04-30 17:24:22,919 - INFO - Starting process_gps_tasks
2025-04-30 17:24:22,919 - INFO - Loading shapefiles
2025-04-30 17:24:22,919 - INFO - Loading shapefile: data_map3/Th_Country_region.shp
2025-04-30 17:24:22,941 - INFO - Loading shapefile: data_map3/Th_Province_region.shp
2025-04-30 17:24:22,972 - INFO - Loading shapefile: data_map3/Th_Amphoe_region.shp
2025-04-30 17:24:23,051 - INFO - Loading shapefile: data_map3/Th_Tambon_region.shp
2025-04-30 17:24:23,237 - INFO - Shape Files : Loaded
2025-04-30 17:24:23,444 - INFO - Connected to database
2025-04-30 17:24:23,622 - INFO - Fetched 34 records to process.
2025-04-30 17:24:24,758 - INFO - Finished process_gps_detail
2025-04-30 17:26:25,071 - WARNING - Query timeout occurred, consider reducing limit_records in settings.json
2025-04-30 17:27:32,317 - INFO - Starting process_gps_tasks
2025-04-30 17:27:32,332 - INFO - Loading shapefiles
2025-04-30 17:27:32,344 - INFO - Loading shapefile: data_map3/Th_Country_region.shp
2025-04-30 17:27:34,876 - INFO - Loading shapefile: data_map3/Th_Province_region.shp
2025-04-30 17:27:36,253 - INFO - Loading shapefile: data_map3/Th_Amphoe_region.shp
2025-04-30 17:27:39,858 - INFO - Loading shapefile: data_map3/Th_Tambon_region.shp
2025-04-30 17:27:55,707 - INFO - Shape Files : Loaded
2025-04-30 17:27:56,496 - INFO - Connected to database
2025-04-30 17:27:56,872 - INFO - Fetched 0 records to process.
2025-04-30 17:27:58,931 - INFO - Finished process_gps_detail
2025-04-30 17:30:27,098 - INFO - Starting process_gps_tasks
2025-04-30 17:30:27,099 - INFO - Loading shapefiles
2025-04-30 17:30:27,099 - INFO - Loading shapefile: data_map3/Th_Country_region.shp
2025-04-30 17:30:27,169 - INFO - Loading shapefile: data_map3/Th_Province_region.shp
2025-04-30 17:30:27,227 - INFO - Loading shapefile: data_map3/Th_Amphoe_region.shp
2025-04-30 17:30:27,330 - INFO - Loading shapefile: data_map3/Th_Tambon_region.shp
2025-04-30 17:30:27,508 - INFO - Shape Files : Loaded
2025-04-30 17:30:27,758 - INFO - Connected to database
2025-04-30 17:30:27,910 - INFO - Fetched 42 records to process.
2025-04-30 17:30:29,714 - INFO - Finished process_gps_detail
2025-04-30 17:33:43,477 - INFO - Starting process_gps_tasks
2025-04-30 17:33:43,477 - INFO - Loading shapefiles
2025-04-30 17:33:43,477 - INFO - Loading shapefile: data_map3/Th_Country_region.shp
2025-04-30 17:33:43,504 - INFO - Loading shapefile: data_map3/Th_Province_region.shp
2025-04-30 17:33:43,538 - INFO - Loading shapefile: data_map3/Th_Amphoe_region.shp
2025-04-30 17:33:43,618 - INFO - Loading shapefile: data_map3/Th_Tambon_region.shp
2025-04-30 17:33:43,886 - INFO - Shape Files : Loaded
2025-04-30 17:33:44,107 - INFO - Connected to database
2025-04-30 17:33:44,236 - INFO - Fetched 20 records to process.
2025-04-30 17:33:45,047 - INFO - Finished process_gps_detail
2025-04-30 17:36:27,748 - INFO - Starting process_gps_tasks
2025-04-30 17:36:27,759 - INFO - Loading shapefiles
2025-04-30 17:36:27,767 - INFO - Loading shapefile: data_map3/Th_Country_region.shp
2025-04-30 17:36:30,353 - INFO - Loading shapefile: data_map3/Th_Province_region.shp
2025-04-30 17:36:34,206 - INFO - Loading shapefile: data_map3/Th_Amphoe_region.shp
2025-04-30 17:36:40,682 - INFO - Loading shapefile: data_map3/Th_Tambon_region.shp
2025-04-30 17:36:56,793 - INFO - Shape Files : Loaded
2025-04-30 17:36:57,572 - INFO - Connected to database
2025-04-30 17:36:57,977 - INFO - Fetched 0 records to process.
2025-04-30 17:36:58,649 - INFO - Finished process_gps_detail
2025-04-30 17:39:40,998 - INFO - Starting process_gps_tasks
2025-04-30 17:39:40,998 - INFO - Loading shapefiles
2025-04-30 17:39:40,999 - INFO - Loading shapefile: data_map3/Th_Country_region.shp
2025-04-30 17:39:41,018 - INFO - Loading shapefile: data_map3/Th_Province_region.shp
2025-04-30 17:39:41,049 - INFO - Loading shapefile: data_map3/Th_Amphoe_region.shp
2025-04-30 17:39:41,141 - INFO - Loading shapefile: data_map3/Th_Tambon_region.shp
2025-04-30 17:39:41,295 - INFO - Shape Files : Loaded
2025-04-30 17:39:41,523 - INFO - Connected to database
2025-04-30 17:39:41,604 - INFO - Fetched 0 records to process.
2025-04-30 17:39:41,666 - INFO - Finished process_gps_detail
2025-04-30 17:41:41,983 - WARNING - Query timeout occurred, consider reducing limit_records in settings.json
2025-04-30 17:42:42,561 - INFO - Starting process_gps_tasks
2025-04-30 17:42:42,573 - INFO - Loading shapefiles
2025-04-30 17:42:42,573 - INFO - Loading shapefile: data_map3/Th_Country_region.shp
2025-04-30 17:42:43,439 - INFO - Loading shapefile: data_map3/Th_Province_region.shp
2025-04-30 17:42:44,236 - INFO - Loading shapefile: data_map3/Th_Amphoe_region.shp
2025-04-30 17:42:46,464 - INFO - Loading shapefile: data_map3/Th_Tambon_region.shp
2025-04-30 17:42:51,601 - INFO - Shape Files : Loaded
2025-04-30 17:42:52,200 - INFO - Connected to database
2025-04-30 17:42:52,334 - INFO - Fetched 0 records to process.
2025-04-30 17:42:52,907 - INFO - Finished process_gps_detail
2025-04-30 17:44:53,487 - WARNING - Query timeout occurred, consider reducing limit_records in settings.json
2025-04-30 17:45:53,917 - INFO - Starting process_gps_tasks
2025-04-30 17:45:53,917 - INFO - Loading shapefiles
2025-04-30 17:45:53,917 - INFO - Loading shapefile: data_map3/Th_Country_region.shp
2025-04-30 17:45:53,932 - INFO - Loading shapefile: data_map3/Th_Province_region.shp
2025-04-30 17:45:53,966 - INFO - Loading shapefile: data_map3/Th_Amphoe_region.shp
2025-04-30 17:45:54,029 - INFO - Loading shapefile: data_map3/Th_Tambon_region.shp
2025-04-30 17:45:54,188 - INFO - Shape Files : Loaded
2025-04-30 17:45:54,427 - INFO - Connected to database
2025-04-30 17:45:54,609 - INFO - Fetched 7 records to process.
2025-04-30 17:45:55,177 - INFO - Finished process_gps_detail
2025-04-30 17:46:25,496 - WARNING - Query timeout occurred, consider reducing limit_records in settings.json
2025-04-30 17:47:26,607 - INFO - Starting process_gps_tasks
2025-04-30 17:47:26,607 - INFO - Loading shapefiles
2025-04-30 17:47:26,607 - INFO - Loading shapefile: data_map3/Th_Country_region.shp
2025-04-30 17:47:26,627 - INFO - Loading shapefile: data_map3/Th_Province_region.shp
2025-04-30 17:47:26,658 - INFO - Loading shapefile: data_map3/Th_Amphoe_region.shp
2025-04-30 17:47:26,734 - INFO - Loading shapefile: data_map3/Th_Tambon_region.shp
2025-04-30 17:47:26,893 - INFO - Shape Files : Loaded
2025-04-30 17:47:27,107 - INFO - Connected to database
2025-04-30 17:47:27,256 - INFO - Fetched 7 records to process.
2025-04-30 17:47:27,768 - INFO - Finished process_gps_detail
2025-04-30 17:50:16,498 - INFO - Starting process_gps_tasks
2025-04-30 17:50:16,498 - INFO - Loading shapefiles
2025-04-30 17:50:16,498 - INFO - Loading shapefile: data_map3/Th_Country_region.shp
2025-04-30 17:50:16,514 - INFO - Loading shapefile: data_map3/Th_Province_region.shp
2025-04-30 17:50:16,545 - INFO - Loading shapefile: data_map3/Th_Amphoe_region.shp
2025-04-30 17:50:16,625 - INFO - Loading shapefile: data_map3/Th_Tambon_region.shp
2025-04-30 17:50:16,784 - INFO - Shape Files : Loaded
2025-04-30 17:50:17,056 - INFO - Connected to database
2025-04-30 17:50:17,222 - INFO - Fetched 14 records to process.
2025-04-30 17:50:17,668 - INFO - Finished process_gps_detail
2025-04-30 17:52:17,938 - WARNING - Query timeout occurred, consider reducing limit_records in settings.json
2025-04-30 17:53:23,639 - INFO - Starting process_gps_tasks
2025-04-30 17:53:23,639 - INFO - Loading shapefiles
2025-04-30 17:53:23,640 - INFO - Loading shapefile: data_map3/Th_Country_region.shp
2025-04-30 17:53:23,658 - INFO - Loading shapefile: data_map3/Th_Province_region.shp
2025-04-30 17:53:23,690 - INFO - Loading shapefile: data_map3/Th_Amphoe_region.shp
2025-04-30 17:53:23,757 - INFO - Loading shapefile: data_map3/Th_Tambon_region.shp
2025-04-30 17:53:23,907 - INFO - Shape Files : Loaded
2025-04-30 17:53:24,128 - INFO - Connected to database
2025-04-30 17:53:24,294 - INFO - Fetched 19 records to process.
2025-04-30 17:53:25,190 - INFO - Finished process_gps_detail
2025-04-30 17:55:25,452 - WARNING - Query timeout occurred, consider reducing limit_records in settings.json
2025-04-30 17:56:31,752 - INFO - Starting process_gps_tasks
2025-04-30 17:56:31,752 - INFO - Loading shapefiles
2025-04-30 17:56:31,752 - INFO - Loading shapefile: data_map3/Th_Country_region.shp
2025-04-30 17:56:31,777 - INFO - Loading shapefile: data_map3/Th_Province_region.shp
2025-04-30 17:56:31,810 - INFO - Loading shapefile: data_map3/Th_Amphoe_region.shp
2025-04-30 17:56:31,911 - INFO - Loading shapefile: data_map3/Th_Tambon_region.shp
2025-04-30 17:56:32,132 - INFO - Shape Files : Loaded
2025-04-30 17:56:32,370 - INFO - Connected to database
2025-04-30 17:56:32,562 - INFO - Fetched 30 records to process.
2025-04-30 17:56:33,439 - INFO - Finished process_gps_detail
2025-04-30 17:58:33,738 - WARNING - Query timeout occurred, consider reducing limit_records in settings.json
2025-04-30 17:59:40,691 - INFO - Starting process_gps_tasks
2025-04-30 17:59:40,691 - INFO - Loading shapefiles
2025-04-30 17:59:40,691 - INFO - Loading shapefile: data_map3/Th_Country_region.shp
2025-04-30 17:59:40,712 - INFO - Loading shapefile: data_map3/Th_Province_region.shp
2025-04-30 17:59:40,743 - INFO - Loading shapefile: data_map3/Th_Amphoe_region.shp
2025-04-30 17:59:40,802 - INFO - Loading shapefile: data_map3/Th_Tambon_region.shp
2025-04-30 17:59:40,968 - INFO - Shape Files : Loaded
2025-04-30 17:59:41,202 - INFO - Connected to database
2025-04-30 17:59:41,362 - INFO - Fetched 33 records to process.
2025-04-30 17:59:42,494 - INFO - Finished process_gps_detail
2025-04-30 18:01:42,793 - WARNING - Query timeout occurred, consider reducing limit_records in settings.json
2025-04-30 18:02:49,604 - INFO - Starting process_gps_tasks
2025-04-30 18:02:49,604 - INFO - Loading shapefiles
2025-04-30 18:02:49,604 - INFO - Loading shapefile: data_map3/Th_Country_region.shp
2025-04-30 18:02:49,623 - INFO - Loading shapefile: data_map3/Th_Province_region.shp
2025-04-30 18:02:49,651 - INFO - Loading shapefile: data_map3/Th_Amphoe_region.shp
2025-04-30 18:02:49,715 - INFO - Loading shapefile: data_map3/Th_Tambon_region.shp
2025-04-30 18:02:49,982 - INFO - Shape Files : Loaded
2025-04-30 18:02:50,223 - INFO - Connected to database
2025-04-30 18:02:50,399 - INFO - Fetched 29 records to process.
2025-04-30 18:02:51,180 - INFO - Finished process_gps_detail
2025-04-30 18:05:38,365 - INFO - Starting process_gps_tasks
2025-04-30 18:05:38,365 - INFO - Loading shapefiles
2025-04-30 18:05:38,365 - INFO - Loading shapefile: data_map3/Th_Country_region.shp
2025-04-30 18:05:38,384 - INFO - Loading shapefile: data_map3/Th_Province_region.shp
2025-04-30 18:05:38,412 - INFO - Loading shapefile: data_map3/Th_Amphoe_region.shp
2025-04-30 18:05:38,492 - INFO - Loading shapefile: data_map3/Th_Tambon_region.shp
2025-04-30 18:05:38,673 - INFO - Shape Files : Loaded
2025-04-30 18:05:38,896 - INFO - Connected to database
2025-04-30 18:05:39,048 - INFO - Fetched 22 records to process.
2025-04-30 18:05:40,047 - INFO - Finished process_gps_detail
2025-04-30 18:08:01,385 - INFO - Starting process_gps_tasks
2025-04-30 18:08:01,385 - INFO - Loading shapefiles
2025-04-30 18:08:01,385 - INFO - Loading shapefile: data_map3/Th_Country_region.shp
2025-04-30 18:08:01,425 - INFO - Loading shapefile: data_map3/Th_Province_region.shp
2025-04-30 18:08:01,496 - INFO - Loading shapefile: data_map3/Th_Amphoe_region.shp
2025-04-30 18:08:01,568 - INFO - Loading shapefile: data_map3/Th_Tambon_region.shp
2025-04-30 18:08:01,720 - INFO - Shape Files : Loaded
2025-04-30 18:08:01,960 - INFO - Connected to database
2025-04-30 18:08:02,136 - INFO - Fetched 21 records to process.
2025-04-30 18:08:02,797 - INFO - Finished process_gps_detail
2025-04-30 18:10:03,059 - WARNING - Query timeout occurred, consider reducing limit_records in settings.json
2025-04-30 18:11:10,228 - INFO - Starting process_gps_tasks
2025-04-30 18:11:10,228 - INFO - Loading shapefiles
2025-04-30 18:11:10,228 - INFO - Loading shapefile: data_map3/Th_Country_region.shp
2025-04-30 18:11:10,246 - INFO - Loading shapefile: data_map3/Th_Province_region.shp
2025-04-30 18:11:10,276 - INFO - Loading shapefile: data_map3/Th_Amphoe_region.shp
2025-04-30 18:11:10,339 - INFO - Loading shapefile: data_map3/Th_Tambon_region.shp
2025-04-30 18:11:10,503 - INFO - Shape Files : Loaded
2025-04-30 18:11:10,739 - INFO - Connected to database
2025-04-30 18:11:10,908 - INFO - Fetched 36 records to process.
2025-04-30 18:11:12,164 - INFO - Finished process_gps_detail
2025-04-30 18:13:54,136 - INFO - Starting process_gps_tasks
2025-04-30 18:13:54,136 - INFO - Loading shapefiles
2025-04-30 18:13:54,136 - INFO - Loading shapefile: data_map3/Th_Country_region.shp
2025-04-30 18:13:54,152 - INFO - Loading shapefile: data_map3/Th_Province_region.shp
2025-04-30 18:13:54,184 - INFO - Loading shapefile: data_map3/Th_Amphoe_region.shp
2025-04-30 18:13:54,248 - INFO - Loading shapefile: data_map3/Th_Tambon_region.shp
2025-04-30 18:13:54,408 - INFO - Shape Files : Loaded
2025-04-30 18:13:54,665 - INFO - Connected to database
2025-04-30 18:13:54,841 - INFO - Fetched 22 records to process.
2025-04-30 18:13:55,528 - INFO - Finished process_gps_detail
2025-04-30 18:15:55,839 - WARNING - Query timeout occurred, consider reducing limit_records in settings.json
2025-04-30 18:17:03,043 - INFO - Starting process_gps_tasks
2025-04-30 18:17:03,043 - INFO - Loading shapefiles
2025-04-30 18:17:03,043 - INFO - Loading shapefile: data_map3/Th_Country_region.shp
2025-04-30 18:17:03,066 - INFO - Loading shapefile: data_map3/Th_Province_region.shp
2025-04-30 18:17:03,094 - INFO - Loading shapefile: data_map3/Th_Amphoe_region.shp
2025-04-30 18:17:03,152 - INFO - Loading shapefile: data_map3/Th_Tambon_region.shp
2025-04-30 18:17:03,316 - INFO - Shape Files : Loaded
2025-04-30 18:17:03,553 - INFO - Connected to database
2025-04-30 18:17:03,713 - INFO - Fetched 30 records to process.
2025-04-30 18:17:04,820 - INFO - Finished process_gps_detail
2025-04-30 18:19:05,126 - WARNING - Query timeout occurred, consider reducing limit_records in settings.json
2025-04-30 18:20:12,055 - INFO - Starting process_gps_tasks
2025-04-30 18:20:12,055 - INFO - Loading shapefiles
2025-04-30 18:20:12,055 - INFO - Loading shapefile: data_map3/Th_Country_region.shp
2025-04-30 18:20:12,075 - INFO - Loading shapefile: data_map3/Th_Province_region.shp
2025-04-30 18:20:12,103 - INFO - Loading shapefile: data_map3/Th_Amphoe_region.shp
2025-04-30 18:20:12,163 - INFO - Loading shapefile: data_map3/Th_Tambon_region.shp
2025-04-30 18:20:12,323 - INFO - Shape Files : Loaded
2025-04-30 18:20:12,563 - INFO - Connected to database
2025-04-30 18:20:12,708 - INFO - Fetched 14 records to process.
2025-04-30 18:20:13,374 - INFO - Finished process_gps_detail
2025-04-30 18:22:13,671 - WARNING - Query timeout occurred, consider reducing limit_records in settings.json
2025-04-30 18:23:20,661 - INFO - Starting process_gps_tasks
2025-04-30 18:23:20,661 - INFO - Loading shapefiles
2025-04-30 18:23:20,661 - INFO - Loading shapefile: data_map3/Th_Country_region.shp
2025-04-30 18:23:20,673 - INFO - Loading shapefile: data_map3/Th_Province_region.shp
2025-04-30 18:23:20,702 - INFO - Loading shapefile: data_map3/Th_Amphoe_region.shp
2025-04-30 18:23:20,781 - INFO - Loading shapefile: data_map3/Th_Tambon_region.shp
2025-04-30 18:23:20,931 - INFO - Shape Files : Loaded
2025-04-30 18:23:21,147 - INFO - Connected to database
2025-04-30 18:23:21,308 - INFO - Fetched 12 records to process.
2025-04-30 18:23:21,797 - INFO - Finished process_gps_detail
2025-04-30 18:25:22,100 - WARNING - Query timeout occurred, consider reducing limit_records in settings.json
2025-04-30 18:26:29,216 - INFO - Starting process_gps_tasks
2025-04-30 18:26:29,216 - INFO - Loading shapefiles
2025-04-30 18:26:29,216 - INFO - Loading shapefile: data_map3/Th_Country_region.shp
2025-04-30 18:26:29,233 - INFO - Loading shapefile: data_map3/Th_Province_region.shp
2025-04-30 18:26:29,261 - INFO - Loading shapefile: data_map3/Th_Amphoe_region.shp
2025-04-30 18:26:29,330 - INFO - Loading shapefile: data_map3/Th_Tambon_region.shp
2025-04-30 18:26:29,477 - INFO - Shape Files : Loaded
2025-04-30 18:26:29,734 - INFO - Connected to database
2025-04-30 18:26:29,910 - INFO - Fetched 11 records to process.
2025-04-30 18:26:30,269 - INFO - Finished process_gps_detail
2025-04-30 18:28:30,561 - WARNING - Query timeout occurred, consider reducing limit_records in settings.json
2025-04-30 18:29:37,865 - INFO - Starting process_gps_tasks
2025-04-30 18:29:37,865 - INFO - Loading shapefiles
2025-04-30 18:29:37,865 - INFO - Loading shapefile: data_map3/Th_Country_region.shp
2025-04-30 18:29:37,881 - INFO - Loading shapefile: data_map3/Th_Province_region.shp
2025-04-30 18:29:37,912 - INFO - Loading shapefile: data_map3/Th_Amphoe_region.shp
2025-04-30 18:29:37,976 - INFO - Loading shapefile: data_map3/Th_Tambon_region.shp
2025-04-30 18:29:38,135 - INFO - Shape Files : Loaded
2025-04-30 18:29:38,361 - INFO - Connected to database
2025-04-30 18:29:38,537 - INFO - Fetched 18 records to process.
2025-04-30 18:29:39,205 - INFO - Finished process_gps_detail
2025-04-30 18:31:39,497 - WARNING - Query timeout occurred, consider reducing limit_records in settings.json
2025-04-30 18:32:46,435 - INFO - Starting process_gps_tasks
2025-04-30 18:32:46,435 - INFO - Loading shapefiles
2025-04-30 18:32:46,435 - INFO - Loading shapefile: data_map3/Th_Country_region.shp
2025-04-30 18:32:46,441 - INFO - Loading shapefile: data_map3/Th_Province_region.shp
2025-04-30 18:32:46,473 - INFO - Loading shapefile: data_map3/Th_Amphoe_region.shp
2025-04-30 18:32:46,552 - INFO - Loading shapefile: data_map3/Th_Tambon_region.shp
2025-04-30 18:32:46,728 - INFO - Shape Files : Loaded
2025-04-30 18:32:46,952 - INFO - Connected to database
2025-04-30 18:32:47,115 - INFO - Fetched 16 records to process.
2025-04-30 18:32:47,862 - INFO - Finished process_gps_detail
2025-04-30 18:34:48,127 - WARNING - Query timeout occurred, consider reducing limit_records in settings.json
2025-04-30 18:35:55,094 - INFO - Starting process_gps_tasks
2025-04-30 18:35:55,094 - INFO - Loading shapefiles
2025-04-30 18:35:55,094 - INFO - Loading shapefile: data_map3/Th_Country_region.shp
2025-04-30 18:35:55,110 - INFO - Loading shapefile: data_map3/Th_Province_region.shp
2025-04-30 18:35:55,126 - INFO - Loading shapefile: data_map3/Th_Amphoe_region.shp
2025-04-30 18:35:55,205 - INFO - Loading shapefile: data_map3/Th_Tambon_region.shp
2025-04-30 18:35:55,348 - INFO - Shape Files : Loaded
2025-04-30 18:35:55,588 - INFO - Connected to database
2025-04-30 18:35:55,752 - INFO - Fetched 21 records to process.
2025-04-30 18:35:56,448 - INFO - Finished process_gps_detail
2025-04-30 18:37:56,730 - WARNING - Query timeout occurred, consider reducing limit_records in settings.json
2025-04-30 18:39:01,269 - INFO - Starting process_gps_tasks
2025-04-30 18:39:01,269 - INFO - Loading shapefiles
2025-04-30 18:39:01,269 - INFO - Loading shapefile: data_map3/Th_Country_region.shp
2025-04-30 18:39:01,285 - INFO - Loading shapefile: data_map3/Th_Province_region.shp
2025-04-30 18:39:01,317 - INFO - Loading shapefile: data_map3/Th_Amphoe_region.shp
2025-04-30 18:39:01,380 - INFO - Loading shapefile: data_map3/Th_Tambon_region.shp
2025-04-30 18:39:01,524 - INFO - Shape Files : Loaded
2025-04-30 18:39:01,827 - INFO - Connected to database
2025-04-30 18:39:01,990 - INFO - Fetched 24 records to process.
2025-04-30 18:39:02,879 - INFO - Finished process_gps_detail
2025-04-30 18:41:03,184 - WARNING - Query timeout occurred, consider reducing limit_records in settings.json
2025-04-30 18:42:10,545 - INFO - Starting process_gps_tasks
2025-04-30 18:42:10,545 - INFO - Loading shapefiles
2025-04-30 18:42:10,545 - INFO - Loading shapefile: data_map3/Th_Country_region.shp
2025-04-30 18:42:10,560 - INFO - Loading shapefile: data_map3/Th_Province_region.shp
2025-04-30 18:42:10,592 - INFO - Loading shapefile: data_map3/Th_Amphoe_region.shp
2025-04-30 18:42:10,656 - INFO - Loading shapefile: data_map3/Th_Tambon_region.shp
2025-04-30 18:42:10,816 - INFO - Shape Files : Loaded
2025-04-30 18:42:11,040 - INFO - Connected to database
2025-04-30 18:42:11,204 - INFO - Fetched 18 records to process.
2025-04-30 18:42:11,962 - INFO - Finished process_gps_detail
2025-04-30 18:44:12,238 - WARNING - Query timeout occurred, consider reducing limit_records in settings.json
2025-04-30 18:45:19,279 - INFO - Starting process_gps_tasks
2025-04-30 18:45:19,279 - INFO - Loading shapefiles
2025-04-30 18:45:19,279 - INFO - Loading shapefile: data_map3/Th_Country_region.shp
2025-04-30 18:45:19,296 - INFO - Loading shapefile: data_map3/Th_Province_region.shp
2025-04-30 18:45:19,324 - INFO - Loading shapefile: data_map3/Th_Amphoe_region.shp
2025-04-30 18:45:19,387 - INFO - Loading shapefile: data_map3/Th_Tambon_region.shp
2025-04-30 18:45:19,547 - INFO - Shape Files : Loaded
2025-04-30 18:45:19,788 - INFO - Connected to database
2025-04-30 18:45:19,948 - INFO - Fetched 15 records to process.
2025-04-30 18:45:20,552 - INFO - Finished process_gps_detail
2025-04-30 18:47:20,836 - WARNING - Query timeout occurred, consider reducing limit_records in settings.json
2025-04-30 18:48:28,038 - INFO - Starting process_gps_tasks
2025-04-30 18:48:28,038 - INFO - Loading shapefiles
2025-04-30 18:48:28,038 - INFO - Loading shapefile: data_map3/Th_Country_region.shp
2025-04-30 18:48:28,056 - INFO - Loading shapefile: data_map3/Th_Province_region.shp
2025-04-30 18:48:28,080 - INFO - Loading shapefile: data_map3/Th_Amphoe_region.shp
2025-04-30 18:48:28,133 - INFO - Loading shapefile: data_map3/Th_Tambon_region.shp
2025-04-30 18:48:28,292 - INFO - Shape Files : Loaded
2025-04-30 18:48:28,521 - INFO - Connected to database
2025-04-30 18:48:28,684 - INFO - Fetched 19 records to process.
2025-04-30 18:48:29,269 - INFO - Finished process_gps_detail
2025-04-30 18:50:29,551 - WARNING - Query timeout occurred, consider reducing limit_records in settings.json
2025-04-30 18:51:31,955 - INFO - Starting process_gps_tasks
2025-04-30 18:51:31,955 - INFO - Loading shapefiles
2025-04-30 18:51:31,955 - INFO - Loading shapefile: data_map3/Th_Country_region.shp
2025-04-30 18:51:31,975 - INFO - Loading shapefile: data_map3/Th_Province_region.shp
2025-04-30 18:51:32,000 - INFO - Loading shapefile: data_map3/Th_Amphoe_region.shp
2025-04-30 18:51:32,064 - INFO - Loading shapefile: data_map3/Th_Tambon_region.shp
2025-04-30 18:51:32,221 - INFO - Shape Files : Loaded
2025-04-30 18:51:32,496 - INFO - Connected to database
2025-04-30 18:51:32,650 - INFO - Fetched 16 records to process.
2025-04-30 18:51:33,229 - INFO - Finished process_gps_detail
2025-04-30 18:53:33,558 - WARNING - Query timeout occurred, consider reducing limit_records in settings.json
2025-04-30 18:54:40,634 - INFO - Starting process_gps_tasks
2025-04-30 18:54:40,634 - INFO - Loading shapefiles
2025-04-30 18:54:40,634 - INFO - Loading shapefile: data_map3/Th_Country_region.shp
2025-04-30 18:54:40,652 - INFO - Loading shapefile: data_map3/Th_Province_region.shp
2025-04-30 18:54:40,681 - INFO - Loading shapefile: data_map3/Th_Amphoe_region.shp
2025-04-30 18:54:40,754 - INFO - Loading shapefile: data_map3/Th_Tambon_region.shp
2025-04-30 18:54:40,905 - INFO - Shape Files : Loaded
2025-04-30 18:54:41,176 - INFO - Connected to database
2025-04-30 18:54:41,346 - INFO - Fetched 23 records to process.
2025-04-30 18:54:42,166 - INFO - Finished process_gps_detail
2025-04-30 18:56:42,492 - WARNING - Query timeout occurred, consider reducing limit_records in settings.json
2025-04-30 18:57:49,575 - INFO - Starting process_gps_tasks
2025-04-30 18:57:49,575 - INFO - Loading shapefiles
2025-04-30 18:57:49,575 - INFO - Loading shapefile: data_map3/Th_Country_region.shp
2025-04-30 18:57:49,591 - INFO - Loading shapefile: data_map3/Th_Province_region.shp
2025-04-30 18:57:49,617 - INFO - Loading shapefile: data_map3/Th_Amphoe_region.shp
2025-04-30 18:57:49,689 - INFO - Loading shapefile: data_map3/Th_Tambon_region.shp
2025-04-30 18:57:49,832 - INFO - Shape Files : Loaded
2025-04-30 18:57:50,054 - INFO - Connected to database
2025-04-30 18:57:50,214 - INFO - Fetched 29 records to process.
2025-04-30 18:57:50,934 - INFO - Finished process_gps_detail
2025-04-30 18:59:51,213 - WARNING - Query timeout occurred, consider reducing limit_records in settings.json
2025-04-30 19:00:58,278 - INFO - Starting process_gps_tasks
2025-04-30 19:00:58,278 - INFO - Loading shapefiles
2025-04-30 19:00:58,278 - INFO - Loading shapefile: data_map3/Th_Country_region.shp
2025-04-30 19:00:58,294 - INFO - Loading shapefile: data_map3/Th_Province_region.shp
2025-04-30 19:00:58,316 - INFO - Loading shapefile: data_map3/Th_Amphoe_region.shp
2025-04-30 19:00:58,390 - INFO - Loading shapefile: data_map3/Th_Tambon_region.shp
2025-04-30 19:00:58,532 - INFO - Shape Files : Loaded
2025-04-30 19:00:58,816 - INFO - Connected to database
2025-04-30 19:00:58,996 - INFO - Fetched 26 records to process.
2025-04-30 19:00:59,906 - INFO - Finished process_gps_detail
2025-04-30 19:03:00,177 - WARNING - Query timeout occurred, consider reducing limit_records in settings.json
2025-04-30 19:04:07,171 - INFO - Starting process_gps_tasks
2025-04-30 19:04:07,171 - INFO - Loading shapefiles
2025-04-30 19:04:07,171 - INFO - Loading shapefile: data_map3/Th_Country_region.shp
2025-04-30 19:04:07,204 - INFO - Loading shapefile: data_map3/Th_Province_region.shp
2025-04-30 19:04:07,240 - INFO - Loading shapefile: data_map3/Th_Amphoe_region.shp
2025-04-30 19:04:07,316 - INFO - Loading shapefile: data_map3/Th_Tambon_region.shp
2025-04-30 19:04:07,493 - INFO - Shape Files : Loaded
2025-04-30 19:04:07,768 - INFO - Connected to database
2025-04-30 19:04:07,976 - INFO - Fetched 22 records to process.
2025-04-30 19:04:08,623 - INFO - Finished process_gps_detail
2025-04-30 19:07:05,120 - INFO - Starting process_gps_tasks
2025-04-30 19:07:05,120 - INFO - Loading shapefiles
2025-04-30 19:07:05,120 - INFO - Loading shapefile: data_map3/Th_Country_region.shp
2025-04-30 19:07:05,144 - INFO - Loading shapefile: data_map3/Th_Province_region.shp
2025-04-30 19:07:05,168 - INFO - Loading shapefile: data_map3/Th_Amphoe_region.shp
2025-04-30 19:07:05,232 - INFO - Loading shapefile: data_map3/Th_Tambon_region.shp
2025-04-30 19:07:05,391 - INFO - Shape Files : Loaded
2025-04-30 19:07:05,663 - INFO - Connected to database
2025-04-30 19:07:05,839 - INFO - Fetched 14 records to process.
2025-04-30 19:07:06,458 - INFO - Finished process_gps_detail
2025-04-30 19:09:06,752 - WARNING - Query timeout occurred, consider reducing limit_records in settings.json
2025-04-30 19:10:14,145 - INFO - Starting process_gps_tasks
2025-04-30 19:10:14,145 - INFO - Loading shapefiles
2025-04-30 19:10:14,145 - INFO - Loading shapefile: data_map3/Th_Country_region.shp
2025-04-30 19:10:14,161 - INFO - Loading shapefile: data_map3/Th_Province_region.shp
2025-04-30 19:10:14,193 - INFO - Loading shapefile: data_map3/Th_Amphoe_region.shp
2025-04-30 19:10:14,294 - INFO - Loading shapefile: data_map3/Th_Tambon_region.shp
2025-04-30 19:10:14,501 - INFO - Shape Files : Loaded
2025-04-30 19:10:14,781 - INFO - Connected to database
2025-04-30 19:10:14,946 - INFO - Fetched 23 records to process.
2025-04-30 19:10:15,827 - INFO - Finished process_gps_detail
2025-04-30 19:12:16,117 - WARNING - Query timeout occurred, consider reducing limit_records in settings.json
2025-04-30 19:13:23,466 - INFO - Starting process_gps_tasks
2025-04-30 19:13:23,466 - INFO - Loading shapefiles
2025-04-30 19:13:23,466 - INFO - Loading shapefile: data_map3/Th_Country_region.shp
2025-04-30 19:13:23,486 - INFO - Loading shapefile: data_map3/Th_Province_region.shp
2025-04-30 19:13:23,514 - INFO - Loading shapefile: data_map3/Th_Amphoe_region.shp
2025-04-30 19:13:23,580 - INFO - Loading shapefile: data_map3/Th_Tambon_region.shp
2025-04-30 19:13:23,741 - INFO - Shape Files : Loaded
2025-04-30 19:13:23,961 - INFO - Connected to database
2025-04-30 19:13:24,120 - INFO - Fetched 22 records to process.
2025-04-30 19:13:24,590 - INFO - Finished process_gps_detail
2025-04-30 19:15:24,841 - WARNING - Query timeout occurred, consider reducing limit_records in settings.json
2025-04-30 19:16:32,511 - INFO - Starting process_gps_tasks
2025-04-30 19:16:32,511 - INFO - Loading shapefiles
2025-04-30 19:16:32,511 - INFO - Loading shapefile: data_map3/Th_Country_region.shp
2025-04-30 19:16:32,531 - INFO - Loading shapefile: data_map3/Th_Province_region.shp
2025-04-30 19:16:32,559 - INFO - Loading shapefile: data_map3/Th_Amphoe_region.shp
2025-04-30 19:16:32,626 - INFO - Loading shapefile: data_map3/Th_Tambon_region.shp
2025-04-30 19:16:32,781 - INFO - Shape Files : Loaded
2025-04-30 19:16:32,997 - INFO - Connected to database
2025-04-30 19:16:33,149 - INFO - Fetched 17 records to process.
2025-04-30 19:16:33,707 - INFO - Finished process_gps_detail
2025-04-30 19:18:33,976 - WARNING - Query timeout occurred, consider reducing limit_records in settings.json
2025-04-30 19:19:41,370 - INFO - Starting process_gps_tasks
2025-04-30 19:19:41,370 - INFO - Loading shapefiles
2025-04-30 19:19:41,370 - INFO - Loading shapefile: data_map3/Th_Country_region.shp
2025-04-30 19:19:41,386 - INFO - Loading shapefile: data_map3/Th_Province_region.shp
2025-04-30 19:19:41,402 - INFO - Loading shapefile: data_map3/Th_Amphoe_region.shp
2025-04-30 19:19:41,483 - INFO - Loading shapefile: data_map3/Th_Tambon_region.shp
2025-04-30 19:19:41,625 - INFO - Shape Files : Loaded
2025-04-30 19:19:41,900 - INFO - Connected to database
2025-04-30 19:19:42,057 - INFO - Fetched 29 records to process.
2025-04-30 19:19:43,490 - INFO - Finished process_gps_detail
2025-04-30 19:21:43,780 - WARNING - Query timeout occurred, consider reducing limit_records in settings.json
2025-04-30 19:22:50,969 - INFO - Starting process_gps_tasks
2025-04-30 19:22:50,969 - INFO - Loading shapefiles
2025-04-30 19:22:50,969 - INFO - Loading shapefile: data_map3/Th_Country_region.shp
2025-04-30 19:22:50,972 - INFO - Loading shapefile: data_map3/Th_Province_region.shp
2025-04-30 19:22:51,017 - INFO - Loading shapefile: data_map3/Th_Amphoe_region.shp
2025-04-30 19:22:51,086 - INFO - Loading shapefile: data_map3/Th_Tambon_region.shp
2025-04-30 19:22:51,226 - INFO - Shape Files : Loaded
2025-04-30 19:22:51,515 - INFO - Connected to database
2025-04-30 19:22:51,678 - INFO - Fetched 19 records to process.
2025-04-30 19:22:52,435 - INFO - Finished process_gps_detail
2025-04-30 19:24:52,699 - WARNING - Query timeout occurred, consider reducing limit_records in settings.json
2025-04-30 19:26:00,328 - INFO - Starting process_gps_tasks
2025-04-30 19:26:00,328 - INFO - Loading shapefiles
2025-04-30 19:26:00,328 - INFO - Loading shapefile: data_map3/Th_Country_region.shp
2025-04-30 19:26:00,342 - INFO - Loading shapefile: data_map3/Th_Province_region.shp
2025-04-30 19:26:00,374 - INFO - Loading shapefile: data_map3/Th_Amphoe_region.shp
2025-04-30 19:26:00,453 - INFO - Loading shapefile: data_map3/Th_Tambon_region.shp
2025-04-30 19:26:00,613 - INFO - Shape Files : Loaded
2025-04-30 19:26:00,852 - INFO - Connected to database
2025-04-30 19:26:01,020 - INFO - Fetched 18 records to process.
2025-04-30 19:26:01,634 - INFO - Finished process_gps_detail
2025-04-30 19:28:01,906 - WARNING - Query timeout occurred, consider reducing limit_records in settings.json
2025-04-30 19:29:08,942 - INFO - Starting process_gps_tasks
2025-04-30 19:29:08,942 - INFO - Loading shapefiles
2025-04-30 19:29:08,942 - INFO - Loading shapefile: data_map3/Th_Country_region.shp
2025-04-30 19:29:08,958 - INFO - Loading shapefile: data_map3/Th_Province_region.shp
2025-04-30 19:29:08,978 - INFO - Loading shapefile: data_map3/Th_Amphoe_region.shp
2025-04-30 19:29:09,058 - INFO - Loading shapefile: data_map3/Th_Tambon_region.shp
2025-04-30 19:29:09,197 - INFO - Shape Files : Loaded
2025-04-30 19:29:09,438 - INFO - Connected to database
2025-04-30 19:29:09,629 - INFO - Fetched 21 records to process.
2025-04-30 19:29:10,286 - INFO - Finished process_gps_detail
2025-04-30 19:31:10,586 - WARNING - Query timeout occurred, consider reducing limit_records in settings.json
2025-04-30 19:32:17,563 - INFO - Starting process_gps_tasks
2025-04-30 19:32:17,563 - INFO - Loading shapefiles
2025-04-30 19:32:17,563 - INFO - Loading shapefile: data_map3/Th_Country_region.shp
2025-04-30 19:32:17,580 - INFO - Loading shapefile: data_map3/Th_Province_region.shp
2025-04-30 19:32:17,596 - INFO - Loading shapefile: data_map3/Th_Amphoe_region.shp
2025-04-30 19:32:17,675 - INFO - Loading shapefile: data_map3/Th_Tambon_region.shp
2025-04-30 19:32:17,832 - INFO - Shape Files : Loaded
2025-04-30 19:32:18,058 - INFO - Connected to database
2025-04-30 19:32:18,233 - INFO - Fetched 20 records to process.
2025-04-30 19:32:18,806 - INFO - Finished process_gps_detail
2025-04-30 19:34:19,071 - WARNING - Query timeout occurred, consider reducing limit_records in settings.json
2025-04-30 19:35:26,190 - INFO - Starting process_gps_tasks
2025-04-30 19:35:26,190 - INFO - Loading shapefiles
2025-04-30 19:35:26,190 - INFO - Loading shapefile: data_map3/Th_Country_region.shp
2025-04-30 19:35:26,206 - INFO - Loading shapefile: data_map3/Th_Province_region.shp
2025-04-30 19:35:26,221 - INFO - Loading shapefile: data_map3/Th_Amphoe_region.shp
2025-04-30 19:35:26,306 - INFO - Loading shapefile: data_map3/Th_Tambon_region.shp
2025-04-30 19:35:26,499 - INFO - Shape Files : Loaded
2025-04-30 19:35:26,744 - INFO - Connected to database
2025-04-30 19:35:26,920 - INFO - Fetched 13 records to process.
2025-04-30 19:35:27,228 - INFO - Finished process_gps_detail
2025-04-30 19:37:27,533 - WARNING - Query timeout occurred, consider reducing limit_records in settings.json
2025-04-30 19:38:34,879 - INFO - Starting process_gps_tasks
2025-04-30 19:38:34,879 - INFO - Loading shapefiles
2025-04-30 19:38:34,879 - INFO - Loading shapefile: data_map3/Th_Country_region.shp
2025-04-30 19:38:34,895 - INFO - Loading shapefile: data_map3/Th_Province_region.shp
2025-04-30 19:38:34,929 - INFO - Loading shapefile: data_map3/Th_Amphoe_region.shp
2025-04-30 19:38:34,990 - INFO - Loading shapefile: data_map3/Th_Tambon_region.shp
2025-04-30 19:38:35,149 - INFO - Shape Files : Loaded
2025-04-30 19:38:35,406 - INFO - Connected to database
2025-04-30 19:38:35,566 - INFO - Fetched 26 records to process.
2025-04-30 19:38:36,314 - INFO - Finished process_gps_detail
2025-04-30 19:40:36,585 - WARNING - Query timeout occurred, consider reducing limit_records in settings.json
2025-04-30 19:41:43,724 - INFO - Starting process_gps_tasks
2025-04-30 19:41:43,724 - INFO - Loading shapefiles
2025-04-30 19:41:43,725 - INFO - Loading shapefile: data_map3/Th_Country_region.shp
2025-04-30 19:41:43,740 - INFO - Loading shapefile: data_map3/Th_Province_region.shp
2025-04-30 19:41:43,772 - INFO - Loading shapefile: data_map3/Th_Amphoe_region.shp
2025-04-30 19:41:43,836 - INFO - Loading shapefile: data_map3/Th_Tambon_region.shp
2025-04-30 19:41:43,995 - INFO - Shape Files : Loaded
2025-04-30 19:41:44,255 - INFO - Connected to database
2025-04-30 19:41:44,459 - INFO - Fetched 30 records to process.
2025-04-30 19:41:45,489 - INFO - Finished process_gps_detail
2025-04-30 19:43:45,769 - WARNING - Query timeout occurred, consider reducing limit_records in settings.json
2025-04-30 19:44:51,844 - INFO - Starting process_gps_tasks
2025-04-30 19:44:51,845 - INFO - Loading shapefiles
2025-04-30 19:44:51,845 - INFO - Loading shapefile: data_map3/Th_Country_region.shp
2025-04-30 19:44:51,860 - INFO - Loading shapefile: data_map3/Th_Province_region.shp
2025-04-30 19:44:51,892 - INFO - Loading shapefile: data_map3/Th_Amphoe_region.shp
2025-04-30 19:44:51,962 - INFO - Loading shapefile: data_map3/Th_Tambon_region.shp
2025-04-30 19:44:52,115 - INFO - Shape Files : Loaded
2025-04-30 19:44:52,386 - INFO - Connected to database
2025-04-30 19:44:52,561 - INFO - Fetched 25 records to process.
2025-04-30 19:44:53,327 - INFO - Finished process_gps_detail
2025-04-30 19:46:53,635 - WARNING - Query timeout occurred, consider reducing limit_records in settings.json
2025-04-30 19:48:01,068 - INFO - Starting process_gps_tasks
2025-04-30 19:48:01,068 - INFO - Loading shapefiles
2025-04-30 19:48:01,069 - INFO - Loading shapefile: data_map3/Th_Country_region.shp
2025-04-30 19:48:01,090 - INFO - Loading shapefile: data_map3/Th_Province_region.shp
2025-04-30 19:48:01,141 - INFO - Loading shapefile: data_map3/Th_Amphoe_region.shp
2025-04-30 19:48:01,212 - INFO - Loading shapefile: data_map3/Th_Tambon_region.shp
2025-04-30 19:48:01,363 - INFO - Shape Files : Loaded
2025-04-30 19:48:01,595 - INFO - Connected to database
2025-04-30 19:48:01,755 - INFO - Fetched 35 records to process.
2025-04-30 19:48:02,900 - INFO - Finished process_gps_detail
2025-04-30 19:50:03,212 - WARNING - Query timeout occurred, consider reducing limit_records in settings.json
2025-04-30 19:51:10,408 - INFO - Starting process_gps_tasks
2025-04-30 19:51:10,408 - INFO - Loading shapefiles
2025-04-30 19:51:10,408 - INFO - Loading shapefile: data_map3/Th_Country_region.shp
2025-04-30 19:51:10,455 - INFO - Loading shapefile: data_map3/Th_Province_region.shp
2025-04-30 19:51:10,504 - INFO - Loading shapefile: data_map3/Th_Amphoe_region.shp
2025-04-30 19:51:10,583 - INFO - Loading shapefile: data_map3/Th_Tambon_region.shp
2025-04-30 19:51:10,759 - INFO - Shape Files : Loaded
2025-04-30 19:51:10,971 - INFO - Connected to database
2025-04-30 19:51:11,141 - INFO - Fetched 27 records to process.
2025-04-30 19:51:11,925 - INFO - Finished process_gps_detail
2025-04-30 19:53:12,210 - WARNING - Query timeout occurred, consider reducing limit_records in settings.json
2025-04-30 19:54:19,359 - INFO - Starting process_gps_tasks
2025-04-30 19:54:19,359 - INFO - Loading shapefiles
2025-04-30 19:54:19,359 - INFO - Loading shapefile: data_map3/Th_Country_region.shp
2025-04-30 19:54:19,376 - INFO - Loading shapefile: data_map3/Th_Province_region.shp
2025-04-30 19:54:19,392 - INFO - Loading shapefile: data_map3/Th_Amphoe_region.shp
2025-04-30 19:54:19,473 - INFO - Loading shapefile: data_map3/Th_Tambon_region.shp
2025-04-30 19:54:19,614 - INFO - Shape Files : Loaded
2025-04-30 19:54:19,840 - INFO - Connected to database
2025-04-30 19:54:20,016 - INFO - Fetched 23 records to process.
2025-04-30 19:54:20,639 - INFO - Finished process_gps_detail
2025-04-30 19:56:20,958 - WARNING - Query timeout occurred, consider reducing limit_records in settings.json
2025-04-30 19:57:28,085 - INFO - Starting process_gps_tasks
2025-04-30 19:57:28,085 - INFO - Loading shapefiles
2025-04-30 19:57:28,085 - INFO - Loading shapefile: data_map3/Th_Country_region.shp
2025-04-30 19:57:28,089 - INFO - Loading shapefile: data_map3/Th_Province_region.shp
2025-04-30 19:57:28,121 - INFO - Loading shapefile: data_map3/Th_Amphoe_region.shp
2025-04-30 19:57:28,201 - INFO - Loading shapefile: data_map3/Th_Tambon_region.shp
2025-04-30 19:57:28,361 - INFO - Shape Files : Loaded
2025-04-30 19:57:28,624 - INFO - Connected to database
2025-04-30 19:57:28,788 - INFO - Fetched 24 records to process.
2025-04-30 19:57:29,489 - INFO - Finished process_gps_detail
2025-04-30 19:59:29,765 - WARNING - Query timeout occurred, consider reducing limit_records in settings.json
2025-04-30 20:00:37,179 - INFO - Starting process_gps_tasks
2025-04-30 20:00:37,179 - INFO - Loading shapefiles
2025-04-30 20:00:37,179 - INFO - Loading shapefile: data_map3/Th_Country_region.shp
2025-04-30 20:00:37,195 - INFO - Loading shapefile: data_map3/Th_Province_region.shp
2025-04-30 20:00:37,227 - INFO - Loading shapefile: data_map3/Th_Amphoe_region.shp
2025-04-30 20:00:37,290 - INFO - Loading shapefile: data_map3/Th_Tambon_region.shp
2025-04-30 20:00:37,450 - INFO - Shape Files : Loaded
2025-04-30 20:00:37,706 - INFO - Connected to database
2025-04-30 20:00:37,867 - INFO - Fetched 34 records to process.
2025-04-30 20:00:38,957 - INFO - Finished process_gps_detail
2025-04-30 20:02:39,252 - WARNING - Query timeout occurred, consider reducing limit_records in settings.json
2025-04-30 20:03:46,602 - INFO - Starting process_gps_tasks
2025-04-30 20:03:46,602 - INFO - Loading shapefiles
2025-04-30 20:03:46,602 - INFO - Loading shapefile: data_map3/Th_Country_region.shp
2025-04-30 20:03:46,621 - INFO - Loading shapefile: data_map3/Th_Province_region.shp
2025-04-30 20:03:46,634 - INFO - Loading shapefile: data_map3/Th_Amphoe_region.shp
2025-04-30 20:03:46,719 - INFO - Loading shapefile: data_map3/Th_Tambon_region.shp
2025-04-30 20:03:46,872 - INFO - Shape Files : Loaded
2025-04-30 20:03:47,113 - INFO - Connected to database
2025-04-30 20:03:47,289 - INFO - Fetched 10 records to process.
2025-04-30 20:03:47,783 - INFO - Finished process_gps_detail
2025-04-30 20:05:48,098 - WARNING - Query timeout occurred, consider reducing limit_records in settings.json
2025-04-30 20:06:55,448 - INFO - Starting process_gps_tasks
2025-04-30 20:06:55,448 - INFO - Loading shapefiles
2025-04-30 20:06:55,448 - INFO - Loading shapefile: data_map3/Th_Country_region.shp
2025-04-30 20:06:55,466 - INFO - Loading shapefile: data_map3/Th_Province_region.shp
2025-04-30 20:06:55,491 - INFO - Loading shapefile: data_map3/Th_Amphoe_region.shp
2025-04-30 20:06:55,560 - INFO - Loading shapefile: data_map3/Th_Tambon_region.shp
2025-04-30 20:06:55,734 - INFO - Shape Files : Loaded
2025-04-30 20:06:56,761 - INFO - Connected to database
2025-04-30 20:06:56,933 - INFO - Fetched 31 records to process.
2025-04-30 20:06:59,474 - INFO - Finished process_gps_detail
2025-04-30 20:08:59,782 - WARNING - Query timeout occurred, consider reducing limit_records in settings.json
2025-04-30 20:10:07,240 - INFO - Starting process_gps_tasks
2025-04-30 20:10:07,240 - INFO - Loading shapefiles
2025-04-30 20:10:07,240 - INFO - Loading shapefile: data_map3/Th_Country_region.shp
2025-04-30 20:10:07,260 - INFO - Loading shapefile: data_map3/Th_Province_region.shp
2025-04-30 20:10:07,308 - INFO - Loading shapefile: data_map3/Th_Amphoe_region.shp
2025-04-30 20:10:07,381 - INFO - Loading shapefile: data_map3/Th_Tambon_region.shp
2025-04-30 20:10:07,526 - INFO - Shape Files : Loaded
2025-04-30 20:10:07,765 - INFO - Connected to database
2025-04-30 20:10:07,941 - INFO - Fetched 8 records to process.
2025-04-30 20:10:08,236 - INFO - Finished process_gps_detail
2025-04-30 20:12:08,518 - WARNING - Query timeout occurred, consider reducing limit_records in settings.json
2025-04-30 20:13:15,984 - INFO - Starting process_gps_tasks
2025-04-30 20:13:15,984 - INFO - Loading shapefiles
2025-04-30 20:13:15,984 - INFO - Loading shapefile: data_map3/Th_Country_region.shp
2025-04-30 20:13:16,004 - INFO - Loading shapefile: data_map3/Th_Province_region.shp
2025-04-30 20:13:16,047 - INFO - Loading shapefile: data_map3/Th_Amphoe_region.shp
2025-04-30 20:13:16,141 - INFO - Loading shapefile: data_map3/Th_Tambon_region.shp
2025-04-30 20:13:16,353 - INFO - Shape Files : Loaded
2025-04-30 20:13:16,570 - INFO - Connected to database
2025-04-30 20:13:16,747 - INFO - Fetched 17 records to process.
2025-04-30 20:13:17,623 - INFO - Finished process_gps_detail
2025-04-30 20:15:17,887 - WARNING - Query timeout occurred, consider reducing limit_records in settings.json
2025-04-30 20:16:24,830 - INFO - Starting process_gps_tasks
2025-04-30 20:16:24,830 - INFO - Loading shapefiles
2025-04-30 20:16:24,830 - INFO - Loading shapefile: data_map3/Th_Country_region.shp
2025-04-30 20:16:24,848 - INFO - Loading shapefile: data_map3/Th_Province_region.shp
2025-04-30 20:16:24,864 - INFO - Loading shapefile: data_map3/Th_Amphoe_region.shp
2025-04-30 20:16:24,944 - INFO - Loading shapefile: data_map3/Th_Tambon_region.shp
2025-04-30 20:16:25,104 - INFO - Shape Files : Loaded
2025-04-30 20:16:25,382 - INFO - Connected to database
2025-04-30 20:16:25,536 - INFO - Fetched 21 records to process.
2025-04-30 20:16:26,443 - INFO - Finished process_gps_detail
2025-04-30 20:18:26,722 - WARNING - Query timeout occurred, consider reducing limit_records in settings.json
2025-04-30 20:19:33,766 - INFO - Starting process_gps_tasks
2025-04-30 20:19:33,766 - INFO - Loading shapefiles
2025-04-30 20:19:33,766 - INFO - Loading shapefile: data_map3/Th_Country_region.shp
2025-04-30 20:19:33,782 - INFO - Loading shapefile: data_map3/Th_Province_region.shp
2025-04-30 20:19:33,814 - INFO - Loading shapefile: data_map3/Th_Amphoe_region.shp
2025-04-30 20:19:33,877 - INFO - Loading shapefile: data_map3/Th_Tambon_region.shp
2025-04-30 20:19:34,036 - INFO - Shape Files : Loaded
2025-04-30 20:19:34,291 - INFO - Connected to database
2025-04-30 20:19:34,451 - INFO - Fetched 24 records to process.
2025-04-30 20:19:35,430 - INFO - Finished process_gps_detail
2025-04-30 20:21:35,713 - WARNING - Query timeout occurred, consider reducing limit_records in settings.json
2025-04-30 20:22:42,980 - INFO - Starting process_gps_tasks
2025-04-30 20:22:42,980 - INFO - Loading shapefiles
2025-04-30 20:22:42,980 - INFO - Loading shapefile: data_map3/Th_Country_region.shp
2025-04-30 20:22:42,998 - INFO - Loading shapefile: data_map3/Th_Province_region.shp
2025-04-30 20:22:43,012 - INFO - Loading shapefile: data_map3/Th_Amphoe_region.shp
2025-04-30 20:22:43,075 - INFO - Loading shapefile: data_map3/Th_Tambon_region.shp
2025-04-30 20:22:43,219 - INFO - Shape Files : Loaded
2025-04-30 20:22:43,459 - INFO - Connected to database
2025-04-30 20:22:43,641 - INFO - Fetched 22 records to process.
2025-04-30 20:22:44,930 - INFO - Finished process_gps_detail
2025-04-30 20:24:45,187 - WARNING - Query timeout occurred, consider reducing limit_records in settings.json
2025-04-30 20:25:52,026 - INFO - Starting process_gps_tasks
2025-04-30 20:25:52,026 - INFO - Loading shapefiles
2025-04-30 20:25:52,026 - INFO - Loading shapefile: data_map3/Th_Country_region.shp
2025-04-30 20:25:52,044 - INFO - Loading shapefile: data_map3/Th_Province_region.shp
2025-04-30 20:25:52,058 - INFO - Loading shapefile: data_map3/Th_Amphoe_region.shp
2025-04-30 20:25:52,121 - INFO - Loading shapefile: data_map3/Th_Tambon_region.shp
2025-04-30 20:25:52,283 - INFO - Shape Files : Loaded
2025-04-30 20:25:52,536 - INFO - Connected to database
2025-04-30 20:25:52,709 - INFO - Fetched 11 records to process.
2025-04-30 20:25:53,280 - INFO - Finished process_gps_detail
2025-04-30 20:27:53,565 - WARNING - Query timeout occurred, consider reducing limit_records in settings.json
2025-04-30 20:29:00,995 - INFO - Starting process_gps_tasks
2025-04-30 20:29:00,995 - INFO - Loading shapefiles
2025-04-30 20:29:00,995 - INFO - Loading shapefile: data_map3/Th_Country_region.shp
2025-04-30 20:29:01,015 - INFO - Loading shapefile: data_map3/Th_Province_region.shp
2025-04-30 20:29:01,043 - INFO - Loading shapefile: data_map3/Th_Amphoe_region.shp
2025-04-30 20:29:01,109 - INFO - Loading shapefile: data_map3/Th_Tambon_region.shp
2025-04-30 20:29:01,282 - INFO - Shape Files : Loaded
2025-04-30 20:29:01,537 - INFO - Connected to database
2025-04-30 20:29:01,702 - INFO - Fetched 15 records to process.
2025-04-30 20:29:02,312 - INFO - Finished process_gps_detail
2025-04-30 20:31:02,580 - WARNING - Query timeout occurred, consider reducing limit_records in settings.json
2025-04-30 20:32:09,642 - INFO - Starting process_gps_tasks
2025-04-30 20:32:09,642 - INFO - Loading shapefiles
2025-04-30 20:32:09,642 - INFO - Loading shapefile: data_map3/Th_Country_region.shp
2025-04-30 20:32:09,658 - INFO - Loading shapefile: data_map3/Th_Province_region.shp
2025-04-30 20:32:09,690 - INFO - Loading shapefile: data_map3/Th_Amphoe_region.shp
2025-04-30 20:32:09,754 - INFO - Loading shapefile: data_map3/Th_Tambon_region.shp
2025-04-30 20:32:09,913 - INFO - Shape Files : Loaded
2025-04-30 20:32:10,129 - INFO - Connected to database
2025-04-30 20:32:10,296 - INFO - Fetched 6 records to process.
2025-04-30 20:32:10,630 - INFO - Finished process_gps_detail
2025-04-30 20:34:10,926 - WARNING - Query timeout occurred, consider reducing limit_records in settings.json
2025-04-30 20:35:18,122 - INFO - Starting process_gps_tasks
2025-04-30 20:35:18,122 - INFO - Loading shapefiles
2025-04-30 20:35:18,123 - INFO - Loading shapefile: data_map3/Th_Country_region.shp
2025-04-30 20:35:18,142 - INFO - Loading shapefile: data_map3/Th_Province_region.shp
2025-04-30 20:35:18,170 - INFO - Loading shapefile: data_map3/Th_Amphoe_region.shp
2025-04-30 20:35:18,248 - INFO - Loading shapefile: data_map3/Th_Tambon_region.shp
2025-04-30 20:35:18,409 - INFO - Shape Files : Loaded
2025-04-30 20:35:18,662 - INFO - Connected to database
2025-04-30 20:35:18,809 - INFO - Fetched 27 records to process.
2025-04-30 20:35:19,893 - INFO - Finished process_gps_detail
2025-04-30 20:37:20,202 - WARNING - Query timeout occurred, consider reducing limit_records in settings.json
2025-04-30 20:38:27,222 - INFO - Starting process_gps_tasks
2025-04-30 20:38:27,222 - INFO - Loading shapefiles
2025-04-30 20:38:27,222 - INFO - Loading shapefile: data_map3/Th_Country_region.shp
2025-04-30 20:38:27,233 - INFO - Loading shapefile: data_map3/Th_Province_region.shp
2025-04-30 20:38:27,261 - INFO - Loading shapefile: data_map3/Th_Amphoe_region.shp
2025-04-30 20:38:27,341 - INFO - Loading shapefile: data_map3/Th_Tambon_region.shp
2025-04-30 20:38:27,502 - INFO - Shape Files : Loaded
2025-04-30 20:38:27,741 - INFO - Connected to database
2025-04-30 20:38:27,898 - INFO - Fetched 15 records to process.
2025-04-30 20:38:28,410 - INFO - Finished process_gps_detail
2025-04-30 20:40:28,667 - WARNING - Query timeout occurred, consider reducing limit_records in settings.json
2025-04-30 20:41:36,117 - INFO - Starting process_gps_tasks
2025-04-30 20:41:36,117 - INFO - Loading shapefiles
2025-04-30 20:41:36,117 - INFO - Loading shapefile: data_map3/Th_Country_region.shp
2025-04-30 20:41:36,136 - INFO - Loading shapefile: data_map3/Th_Province_region.shp
2025-04-30 20:41:36,165 - INFO - Loading shapefile: data_map3/Th_Amphoe_region.shp
2025-04-30 20:41:36,236 - INFO - Loading shapefile: data_map3/Th_Tambon_region.shp
2025-04-30 20:41:36,388 - INFO - Shape Files : Loaded
2025-04-30 20:41:36,630 - INFO - Connected to database
2025-04-30 20:41:36,788 - INFO - Fetched 24 records to process.
2025-04-30 20:41:37,737 - INFO - Finished process_gps_detail
2025-04-30 20:43:38,027 - WARNING - Query timeout occurred, consider reducing limit_records in settings.json
2025-04-30 20:44:46,769 - INFO - Starting process_gps_tasks
2025-04-30 20:44:46,769 - INFO - Loading shapefiles
2025-04-30 20:44:46,769 - INFO - Loading shapefile: data_map3/Th_Country_region.shp
2025-04-30 20:44:46,781 - INFO - Loading shapefile: data_map3/Th_Province_region.shp
2025-04-30 20:44:46,812 - INFO - Loading shapefile: data_map3/Th_Amphoe_region.shp
2025-04-30 20:44:46,887 - INFO - Loading shapefile: data_map3/Th_Tambon_region.shp
2025-04-30 20:44:47,053 - INFO - Shape Files : Loaded
2025-04-30 20:44:47,343 - INFO - Connected to database
2025-04-30 20:44:47,519 - INFO - Fetched 22 records to process.
2025-04-30 20:44:48,310 - INFO - Finished process_gps_detail
2025-04-30 20:46:48,618 - WARNING - Query timeout occurred, consider reducing limit_records in settings.json
2025-04-30 20:47:55,899 - INFO - Starting process_gps_tasks
2025-04-30 20:47:55,899 - INFO - Loading shapefiles
2025-04-30 20:47:55,899 - INFO - Loading shapefile: data_map3/Th_Country_region.shp
2025-04-30 20:47:55,915 - INFO - Loading shapefile: data_map3/Th_Province_region.shp
2025-04-30 20:47:55,931 - INFO - Loading shapefile: data_map3/Th_Amphoe_region.shp
2025-04-30 20:47:56,011 - INFO - Loading shapefile: data_map3/Th_Tambon_region.shp
2025-04-30 20:47:56,154 - INFO - Shape Files : Loaded
2025-04-30 20:47:56,411 - INFO - Connected to database
2025-04-30 20:47:56,579 - INFO - Fetched 27 records to process.
2025-04-30 20:47:57,369 - INFO - Finished process_gps_detail
2025-04-30 20:49:57,679 - WARNING - Query timeout occurred, consider reducing limit_records in settings.json
2025-04-30 20:51:05,272 - INFO - Starting process_gps_tasks
2025-04-30 20:51:05,272 - INFO - Loading shapefiles
2025-04-30 20:51:05,272 - INFO - Loading shapefile: data_map3/Th_Country_region.shp
2025-04-30 20:51:05,290 - INFO - Loading shapefile: data_map3/Th_Province_region.shp
2025-04-30 20:51:05,319 - INFO - Loading shapefile: data_map3/Th_Amphoe_region.shp
2025-04-30 20:51:05,389 - INFO - Loading shapefile: data_map3/Th_Tambon_region.shp
2025-04-30 20:51:05,542 - INFO - Shape Files : Loaded
2025-04-30 20:51:05,782 - INFO - Connected to database
2025-04-30 20:51:05,952 - INFO - Fetched 23 records to process.
2025-04-30 20:51:06,992 - INFO - Finished process_gps_detail
2025-04-30 20:53:07,257 - WARNING - Query timeout occurred, consider reducing limit_records in settings.json
2025-04-30 20:54:13,885 - INFO - Starting process_gps_tasks
2025-04-30 20:54:13,885 - INFO - Loading shapefiles
2025-04-30 20:54:13,885 - INFO - Loading shapefile: data_map3/Th_Country_region.shp
2025-04-30 20:54:13,901 - INFO - Loading shapefile: data_map3/Th_Province_region.shp
2025-04-30 20:54:13,923 - INFO - Loading shapefile: data_map3/Th_Amphoe_region.shp
2025-04-30 20:54:13,997 - INFO - Loading shapefile: data_map3/Th_Tambon_region.shp
2025-04-30 20:54:14,141 - INFO - Shape Files : Loaded
2025-04-30 20:54:14,365 - INFO - Connected to database
2025-04-30 20:54:14,540 - INFO - Fetched 24 records to process.
2025-04-30 20:54:15,234 - INFO - Finished process_gps_detail
2025-04-30 20:56:15,528 - WARNING - Query timeout occurred, consider reducing limit_records in settings.json
2025-04-30 20:57:22,740 - INFO - Starting process_gps_tasks
2025-04-30 20:57:22,740 - INFO - Loading shapefiles
2025-04-30 20:57:22,740 - INFO - Loading shapefile: data_map3/Th_Country_region.shp
2025-04-30 20:57:22,756 - INFO - Loading shapefile: data_map3/Th_Province_region.shp
2025-04-30 20:57:22,782 - INFO - Loading shapefile: data_map3/Th_Amphoe_region.shp
2025-04-30 20:57:22,852 - INFO - Loading shapefile: data_map3/Th_Tambon_region.shp
2025-04-30 20:57:23,032 - INFO - Shape Files : Loaded
2025-04-30 20:57:23,235 - INFO - Connected to database
2025-04-30 20:57:23,395 - INFO - Fetched 36 records to process.
2025-04-30 20:57:24,605 - INFO - Finished process_gps_detail
2025-04-30 20:59:24,884 - WARNING - Query timeout occurred, consider reducing limit_records in settings.json
2025-04-30 21:00:32,075 - INFO - Starting process_gps_tasks
2025-04-30 21:00:32,075 - INFO - Loading shapefiles
2025-04-30 21:00:32,076 - INFO - Loading shapefile: data_map3/Th_Country_region.shp
2025-04-30 21:00:32,094 - INFO - Loading shapefile: data_map3/Th_Province_region.shp
2025-04-30 21:00:32,123 - INFO - Loading shapefile: data_map3/Th_Amphoe_region.shp
2025-04-30 21:00:32,219 - INFO - Loading shapefile: data_map3/Th_Tambon_region.shp
2025-04-30 21:00:32,424 - INFO - Shape Files : Loaded
2025-04-30 21:00:32,662 - INFO - Connected to database
2025-04-30 21:00:32,821 - INFO - Fetched 41 records to process.
2025-04-30 21:00:34,517 - INFO - Finished process_gps_detail
2025-04-30 21:02:34,807 - WARNING - Query timeout occurred, consider reducing limit_records in settings.json
2025-04-30 21:03:42,232 - INFO - Starting process_gps_tasks
2025-04-30 21:03:42,232 - INFO - Loading shapefiles
2025-04-30 21:03:42,232 - INFO - Loading shapefile: data_map3/Th_Country_region.shp
2025-04-30 21:03:42,248 - INFO - Loading shapefile: data_map3/Th_Province_region.shp
2025-04-30 21:03:42,280 - INFO - Loading shapefile: data_map3/Th_Amphoe_region.shp
2025-04-30 21:03:42,344 - INFO - Loading shapefile: data_map3/Th_Tambon_region.shp
2025-04-30 21:03:42,503 - INFO - Shape Files : Loaded
2025-04-30 21:03:42,711 - INFO - Connected to database
2025-04-30 21:03:42,873 - INFO - Fetched 32 records to process.
2025-04-30 21:03:43,908 - INFO - Finished process_gps_detail
2025-04-30 21:05:44,195 - WARNING - Query timeout occurred, consider reducing limit_records in settings.json
2025-04-30 21:06:51,397 - INFO - Starting process_gps_tasks
2025-04-30 21:06:51,397 - INFO - Loading shapefiles
2025-04-30 21:06:51,397 - INFO - Loading shapefile: data_map3/Th_Country_region.shp
2025-04-30 21:06:51,415 - INFO - Loading shapefile: data_map3/Th_Province_region.shp
2025-04-30 21:06:51,445 - INFO - Loading shapefile: data_map3/Th_Amphoe_region.shp
2025-04-30 21:06:51,509 - INFO - Loading shapefile: data_map3/Th_Tambon_region.shp
2025-04-30 21:06:51,679 - INFO - Shape Files : Loaded
2025-04-30 21:06:51,891 - INFO - Connected to database
2025-04-30 21:06:52,068 - INFO - Fetched 18 records to process.
2025-04-30 21:06:52,677 - INFO - Finished process_gps_detail
2025-04-30 21:08:52,976 - WARNING - Query timeout occurred, consider reducing limit_records in settings.json
2025-04-30 21:10:00,468 - INFO - Starting process_gps_tasks
2025-04-30 21:10:00,468 - INFO - Loading shapefiles
2025-04-30 21:10:00,468 - INFO - Loading shapefile: data_map3/Th_Country_region.shp
2025-04-30 21:10:00,473 - INFO - Loading shapefile: data_map3/Th_Province_region.shp
2025-04-30 21:10:00,514 - INFO - Loading shapefile: data_map3/Th_Amphoe_region.shp
2025-04-30 21:10:00,584 - INFO - Loading shapefile: data_map3/Th_Tambon_region.shp
2025-04-30 21:10:00,744 - INFO - Shape Files : Loaded
2025-04-30 21:10:01,016 - INFO - Connected to database
2025-04-30 21:10:01,175 - INFO - Fetched 36 records to process.
2025-04-30 21:10:02,514 - INFO - Finished process_gps_detail
2025-04-30 21:12:02,772 - WARNING - Query timeout occurred, consider reducing limit_records in settings.json
2025-04-30 21:13:10,146 - INFO - Starting process_gps_tasks
2025-04-30 21:13:10,146 - INFO - Loading shapefiles
2025-04-30 21:13:10,146 - INFO - Loading shapefile: data_map3/Th_Country_region.shp
2025-04-30 21:13:10,165 - INFO - Loading shapefile: data_map3/Th_Province_region.shp
2025-04-30 21:13:10,193 - INFO - Loading shapefile: data_map3/Th_Amphoe_region.shp
2025-04-30 21:13:10,267 - INFO - Loading shapefile: data_map3/Th_Tambon_region.shp
2025-04-30 21:13:10,416 - INFO - Shape Files : Loaded
2025-04-30 21:13:10,657 - INFO - Connected to database
2025-04-30 21:13:10,817 - INFO - Fetched 30 records to process.
2025-04-30 21:13:11,769 - INFO - Finished process_gps_detail
2025-04-30 21:15:12,098 - WARNING - Query timeout occurred, consider reducing limit_records in settings.json
2025-04-30 21:16:19,537 - INFO - Starting process_gps_tasks
2025-04-30 21:16:19,537 - INFO - Loading shapefiles
2025-04-30 21:16:19,537 - INFO - Loading shapefile: data_map3/Th_Country_region.shp
2025-04-30 21:16:19,553 - INFO - Loading shapefile: data_map3/Th_Province_region.shp
2025-04-30 21:16:19,586 - INFO - Loading shapefile: data_map3/Th_Amphoe_region.shp
2025-04-30 21:16:19,665 - INFO - Loading shapefile: data_map3/Th_Tambon_region.shp
2025-04-30 21:16:19,841 - INFO - Shape Files : Loaded
2025-04-30 21:16:20,064 - INFO - Connected to database
2025-04-30 21:16:20,226 - INFO - Fetched 26 records to process.
2025-04-30 21:16:21,244 - INFO - Finished process_gps_detail
2025-04-30 21:18:21,505 - WARNING - Query timeout occurred, consider reducing limit_records in settings.json
2025-04-30 21:19:28,755 - INFO - Starting process_gps_tasks
2025-04-30 21:19:28,755 - INFO - Loading shapefiles
2025-04-30 21:19:28,755 - INFO - Loading shapefile: data_map3/Th_Country_region.shp
2025-04-30 21:19:28,771 - INFO - Loading shapefile: data_map3/Th_Province_region.shp
2025-04-30 21:19:28,788 - INFO - Loading shapefile: data_map3/Th_Amphoe_region.shp
2025-04-30 21:19:28,867 - INFO - Loading shapefile: data_map3/Th_Tambon_region.shp
2025-04-30 21:19:29,027 - INFO - Shape Files : Loaded
2025-04-30 21:19:29,251 - INFO - Connected to database
2025-04-30 21:19:29,431 - INFO - Fetched 26 records to process.
2025-04-30 21:19:30,203 - INFO - Finished process_gps_detail
2025-04-30 21:21:30,511 - WARNING - Query timeout occurred, consider reducing limit_records in settings.json
2025-04-30 21:22:37,811 - INFO - Starting process_gps_tasks
2025-04-30 21:22:37,811 - INFO - Loading shapefiles
2025-04-30 21:22:37,811 - INFO - Loading shapefile: data_map3/Th_Country_region.shp
2025-04-30 21:22:37,816 - INFO - Loading shapefile: data_map3/Th_Province_region.shp
2025-04-30 21:22:37,858 - INFO - Loading shapefile: data_map3/Th_Amphoe_region.shp
2025-04-30 21:22:37,928 - INFO - Loading shapefile: data_map3/Th_Tambon_region.shp
2025-04-30 21:22:38,087 - INFO - Shape Files : Loaded
2025-04-30 21:22:38,329 - INFO - Connected to database
2025-04-30 21:22:38,489 - INFO - Fetched 23 records to process.
2025-04-30 21:22:39,508 - INFO - Finished process_gps_detail
2025-04-30 21:24:39,825 - WARNING - Query timeout occurred, consider reducing limit_records in settings.json
2025-04-30 21:25:46,499 - INFO - Starting process_gps_tasks
2025-04-30 21:25:46,499 - INFO - Loading shapefiles
2025-04-30 21:25:46,499 - INFO - Loading shapefile: data_map3/Th_Country_region.shp
2025-04-30 21:25:46,517 - INFO - Loading shapefile: data_map3/Th_Province_region.shp
2025-04-30 21:25:46,545 - INFO - Loading shapefile: data_map3/Th_Amphoe_region.shp
2025-04-30 21:25:46,617 - INFO - Loading shapefile: data_map3/Th_Tambon_region.shp
2025-04-30 21:25:46,768 - INFO - Shape Files : Loaded
2025-04-30 21:25:47,023 - INFO - Connected to database
2025-04-30 21:25:47,183 - INFO - Fetched 33 records to process.
2025-04-30 21:25:48,349 - INFO - Finished process_gps_detail
2025-04-30 21:27:48,671 - WARNING - Query timeout occurred, consider reducing limit_records in settings.json
2025-04-30 21:28:56,594 - INFO - Starting process_gps_tasks
2025-04-30 21:28:56,594 - INFO - Loading shapefiles
2025-04-30 21:28:56,594 - INFO - Loading shapefile: data_map3/Th_Country_region.shp
2025-04-30 21:28:56,611 - INFO - Loading shapefile: data_map3/Th_Province_region.shp
2025-04-30 21:28:56,627 - INFO - Loading shapefile: data_map3/Th_Amphoe_region.shp
2025-04-30 21:28:56,707 - INFO - Loading shapefile: data_map3/Th_Tambon_region.shp
2025-04-30 21:28:56,866 - INFO - Shape Files : Loaded
2025-04-30 21:28:57,187 - INFO - Connected to database
2025-04-30 21:28:57,375 - INFO - Fetched 34 records to process.
2025-04-30 21:28:58,520 - INFO - Finished process_gps_detail
2025-04-30 21:30:58,916 - WARNING - Query timeout occurred, consider reducing limit_records in settings.json
2025-04-30 21:32:05,832 - INFO - Starting process_gps_tasks
2025-04-30 21:32:05,832 - INFO - Loading shapefiles
2025-04-30 21:32:05,832 - INFO - Loading shapefile: data_map3/Th_Country_region.shp
2025-04-30 21:32:05,848 - INFO - Loading shapefile: data_map3/Th_Province_region.shp
2025-04-30 21:32:05,864 - INFO - Loading shapefile: data_map3/Th_Amphoe_region.shp
2025-04-30 21:32:05,927 - INFO - Loading shapefile: data_map3/Th_Tambon_region.shp
2025-04-30 21:32:06,070 - INFO - Shape Files : Loaded
2025-04-30 21:32:06,343 - INFO - Connected to database
2025-04-30 21:32:06,535 - INFO - Fetched 26 records to process.
2025-04-30 21:32:07,784 - INFO - Finished process_gps_detail
2025-04-30 21:34:08,105 - WARNING - Query timeout occurred, consider reducing limit_records in settings.json
2025-04-30 21:35:15,092 - INFO - Starting process_gps_tasks
2025-04-30 21:35:15,092 - INFO - Loading shapefiles
2025-04-30 21:35:15,092 - INFO - Loading shapefile: data_map3/Th_Country_region.shp
2025-04-30 21:35:15,107 - INFO - Loading shapefile: data_map3/Th_Province_region.shp
2025-04-30 21:35:15,123 - INFO - Loading shapefile: data_map3/Th_Amphoe_region.shp
2025-04-30 21:35:15,202 - INFO - Loading shapefile: data_map3/Th_Tambon_region.shp
2025-04-30 21:35:15,362 - INFO - Shape Files : Loaded
2025-04-30 21:35:15,619 - INFO - Connected to database
2025-04-30 21:35:15,764 - INFO - Fetched 13 records to process.
2025-04-30 21:35:16,224 - INFO - Finished process_gps_detail
2025-04-30 21:37:16,492 - WARNING - Query timeout occurred, consider reducing limit_records in settings.json
2025-04-30 21:38:23,703 - INFO - Starting process_gps_tasks
2025-04-30 21:38:23,703 - INFO - Loading shapefiles
2025-04-30 21:38:23,703 - INFO - Loading shapefile: data_map3/Th_Country_region.shp
2025-04-30 21:38:23,723 - INFO - Loading shapefile: data_map3/Th_Province_region.shp
2025-04-30 21:38:23,743 - INFO - Loading shapefile: data_map3/Th_Amphoe_region.shp
2025-04-30 21:38:23,823 - INFO - Loading shapefile: data_map3/Th_Tambon_region.shp
2025-04-30 21:38:23,972 - INFO - Shape Files : Loaded
2025-04-30 21:38:24,317 - INFO - Connected to database
2025-04-30 21:38:24,509 - INFO - Fetched 28 records to process.
2025-04-30 21:38:25,535 - INFO - Finished process_gps_detail
2025-04-30 21:40:25,892 - WARNING - Query timeout occurred, consider reducing limit_records in settings.json
2025-04-30 21:41:33,240 - INFO - Starting process_gps_tasks
2025-04-30 21:41:33,240 - INFO - Loading shapefiles
2025-04-30 21:41:33,240 - INFO - Loading shapefile: data_map3/Th_Country_region.shp
2025-04-30 21:41:33,260 - INFO - Loading shapefile: data_map3/Th_Province_region.shp
2025-04-30 21:41:33,287 - INFO - Loading shapefile: data_map3/Th_Amphoe_region.shp
2025-04-30 21:41:33,350 - INFO - Loading shapefile: data_map3/Th_Tambon_region.shp
2025-04-30 21:41:33,509 - INFO - Shape Files : Loaded
2025-04-30 21:41:33,764 - INFO - Connected to database
2025-04-30 21:41:33,940 - INFO - Fetched 29 records to process.
2025-04-30 21:41:35,039 - INFO - Finished process_gps_detail
2025-04-30 21:43:35,304 - WARNING - Query timeout occurred, consider reducing limit_records in settings.json
2025-04-30 21:44:42,423 - INFO - Starting process_gps_tasks
2025-04-30 21:44:42,423 - INFO - Loading shapefiles
2025-04-30 21:44:42,423 - INFO - Loading shapefile: data_map3/Th_Country_region.shp
2025-04-30 21:44:42,438 - INFO - Loading shapefile: data_map3/Th_Province_region.shp
2025-04-30 21:44:42,467 - INFO - Loading shapefile: data_map3/Th_Amphoe_region.shp
2025-04-30 21:44:42,540 - INFO - Loading shapefile: data_map3/Th_Tambon_region.shp
2025-04-30 21:44:42,693 - INFO - Shape Files : Loaded
2025-04-30 21:44:42,954 - INFO - Connected to database
2025-04-30 21:44:43,113 - INFO - Fetched 14 records to process.
2025-04-30 21:44:43,859 - INFO - Finished process_gps_detail
2025-04-30 21:46:44,151 - WARNING - Query timeout occurred, consider reducing limit_records in settings.json
2025-04-30 21:47:51,137 - INFO - Starting process_gps_tasks
2025-04-30 21:47:51,137 - INFO - Loading shapefiles
2025-04-30 21:47:51,137 - INFO - Loading shapefile: data_map3/Th_Country_region.shp
2025-04-30 21:47:51,153 - INFO - Loading shapefile: data_map3/Th_Province_region.shp
2025-04-30 21:47:51,184 - INFO - Loading shapefile: data_map3/Th_Amphoe_region.shp
2025-04-30 21:47:51,248 - INFO - Loading shapefile: data_map3/Th_Tambon_region.shp
2025-04-30 21:47:51,424 - INFO - Shape Files : Loaded
2025-04-30 21:47:51,651 - INFO - Connected to database
2025-04-30 21:47:51,808 - INFO - Fetched 27 records to process.
2025-04-30 21:47:52,880 - INFO - Finished process_gps_detail
2025-04-30 21:49:53,231 - WARNING - Query timeout occurred, consider reducing limit_records in settings.json
2025-04-30 21:51:00,365 - INFO - Starting process_gps_tasks
2025-04-30 21:51:00,365 - INFO - Loading shapefiles
2025-04-30 21:51:00,365 - INFO - Loading shapefile: data_map3/Th_Country_region.shp
2025-04-30 21:51:00,383 - INFO - Loading shapefile: data_map3/Th_Province_region.shp
2025-04-30 21:51:00,399 - INFO - Loading shapefile: data_map3/Th_Amphoe_region.shp
2025-04-30 21:51:00,482 - INFO - Loading shapefile: data_map3/Th_Tambon_region.shp
2025-04-30 21:51:00,622 - INFO - Shape Files : Loaded
2025-04-30 21:51:00,840 - INFO - Connected to database
2025-04-30 21:51:01,005 - INFO - Fetched 35 records to process.
2025-04-30 21:51:02,126 - INFO - Finished process_gps_detail
2025-04-30 21:53:02,389 - WARNING - Query timeout occurred, consider reducing limit_records in settings.json
2025-04-30 21:54:09,485 - INFO - Starting process_gps_tasks
2025-04-30 21:54:09,485 - INFO - Loading shapefiles
2025-04-30 21:54:09,485 - INFO - Loading shapefile: data_map3/Th_Country_region.shp
2025-04-30 21:54:09,501 - INFO - Loading shapefile: data_map3/Th_Province_region.shp
2025-04-30 21:54:09,517 - INFO - Loading shapefile: data_map3/Th_Amphoe_region.shp
2025-04-30 21:54:09,597 - INFO - Loading shapefile: data_map3/Th_Tambon_region.shp
2025-04-30 21:54:09,748 - INFO - Shape Files : Loaded
2025-04-30 21:54:09,964 - INFO - Connected to database
2025-04-30 21:54:10,125 - INFO - Fetched 29 records to process.
2025-04-30 21:54:11,456 - INFO - Finished process_gps_detail
2025-04-30 21:56:11,733 - WARNING - Query timeout occurred, consider reducing limit_records in settings.json
2025-04-30 21:57:18,851 - INFO - Starting process_gps_tasks
2025-04-30 21:57:18,851 - INFO - Loading shapefiles
2025-04-30 21:57:18,851 - INFO - Loading shapefile: data_map3/Th_Country_region.shp
2025-04-30 21:57:18,871 - INFO - Loading shapefile: data_map3/Th_Province_region.shp
2025-04-30 21:57:18,898 - INFO - Loading shapefile: data_map3/Th_Amphoe_region.shp
2025-04-30 21:57:18,960 - INFO - Loading shapefile: data_map3/Th_Tambon_region.shp
2025-04-30 21:57:19,119 - INFO - Shape Files : Loaded
2025-04-30 21:57:19,379 - INFO - Connected to database
2025-04-30 21:57:19,540 - INFO - Fetched 19 records to process.
2025-04-30 21:57:20,526 - INFO - Finished process_gps_detail
2025-04-30 21:59:20,805 - WARNING - Query timeout occurred, consider reducing limit_records in settings.json
2025-04-30 22:00:27,795 - INFO - Starting process_gps_tasks
2025-04-30 22:00:27,795 - INFO - Loading shapefiles
2025-04-30 22:00:27,795 - INFO - Loading shapefile: data_map3/Th_Country_region.shp
2025-04-30 22:00:27,811 - INFO - Loading shapefile: data_map3/Th_Province_region.shp
2025-04-30 22:00:27,842 - INFO - Loading shapefile: data_map3/Th_Amphoe_region.shp
2025-04-30 22:00:27,906 - INFO - Loading shapefile: data_map3/Th_Tambon_region.shp
2025-04-30 22:00:28,066 - INFO - Shape Files : Loaded
2025-04-30 22:00:28,283 - INFO - Connected to database
2025-04-30 22:00:28,434 - INFO - Fetched 29 records to process.
2025-04-30 22:00:29,599 - INFO - Finished process_gps_detail
2025-04-30 22:02:29,875 - WARNING - Query timeout occurred, consider reducing limit_records in settings.json
2025-04-30 22:03:36,873 - INFO - Starting process_gps_tasks
2025-04-30 22:03:36,873 - INFO - Loading shapefiles
2025-04-30 22:03:36,873 - INFO - Loading shapefile: data_map3/Th_Country_region.shp
2025-04-30 22:03:36,891 - INFO - Loading shapefile: data_map3/Th_Province_region.shp
2025-04-30 22:03:36,920 - INFO - Loading shapefile: data_map3/Th_Amphoe_region.shp
2025-04-30 22:03:36,984 - INFO - Loading shapefile: data_map3/Th_Tambon_region.shp
2025-04-30 22:03:37,128 - INFO - Shape Files : Loaded
2025-04-30 22:03:37,341 - INFO - Connected to database
2025-04-30 22:03:37,543 - INFO - Fetched 15 records to process.
2025-04-30 22:03:38,283 - INFO - Finished process_gps_detail
2025-04-30 22:05:38,541 - WARNING - Query timeout occurred, consider reducing limit_records in settings.json
2025-04-30 22:06:45,728 - INFO - Starting process_gps_tasks
2025-04-30 22:06:45,728 - INFO - Loading shapefiles
2025-04-30 22:06:45,728 - INFO - Loading shapefile: data_map3/Th_Country_region.shp
2025-04-30 22:06:45,747 - INFO - Loading shapefile: data_map3/Th_Province_region.shp
2025-04-30 22:06:45,769 - INFO - Loading shapefile: data_map3/Th_Amphoe_region.shp
2025-04-30 22:06:45,833 - INFO - Loading shapefile: data_map3/Th_Tambon_region.shp
2025-04-30 22:06:45,992 - INFO - Shape Files : Loaded
2025-04-30 22:06:46,231 - INFO - Connected to database
2025-04-30 22:06:46,411 - INFO - Fetched 16 records to process.
2025-04-30 22:06:47,046 - INFO - Finished process_gps_detail
2025-04-30 22:08:47,343 - WARNING - Query timeout occurred, consider reducing limit_records in settings.json
2025-04-30 22:09:54,288 - INFO - Starting process_gps_tasks
2025-04-30 22:09:54,288 - INFO - Loading shapefiles
2025-04-30 22:09:54,288 - INFO - Loading shapefile: data_map3/Th_Country_region.shp
2025-04-30 22:09:54,307 - INFO - Loading shapefile: data_map3/Th_Province_region.shp
2025-04-30 22:09:54,335 - INFO - Loading shapefile: data_map3/Th_Amphoe_region.shp
2025-04-30 22:09:54,399 - INFO - Loading shapefile: data_map3/Th_Tambon_region.shp
2025-04-30 22:09:54,558 - INFO - Shape Files : Loaded
2025-04-30 22:09:54,798 - INFO - Connected to database
2025-04-30 22:09:54,959 - INFO - Fetched 18 records to process.
2025-04-30 22:09:55,738 - INFO - Finished process_gps_detail
2025-04-30 22:11:56,047 - WARNING - Query timeout occurred, consider reducing limit_records in settings.json
2025-04-30 22:13:03,322 - INFO - Starting process_gps_tasks
2025-04-30 22:13:03,322 - INFO - Loading shapefiles
2025-04-30 22:13:03,322 - INFO - Loading shapefile: data_map3/Th_Country_region.shp
2025-04-30 22:13:03,328 - INFO - Loading shapefile: data_map3/Th_Province_region.shp
2025-04-30 22:13:03,361 - INFO - Loading shapefile: data_map3/Th_Amphoe_region.shp
2025-04-30 22:13:03,424 - INFO - Loading shapefile: data_map3/Th_Tambon_region.shp
2025-04-30 22:13:03,585 - INFO - Shape Files : Loaded
2025-04-30 22:13:03,823 - INFO - Connected to database
2025-04-30 22:13:03,988 - INFO - Fetched 35 records to process.
2025-04-30 22:13:05,133 - INFO - Finished process_gps_detail
2025-04-30 22:15:05,410 - WARNING - Query timeout occurred, consider reducing limit_records in settings.json
2025-04-30 22:16:12,307 - INFO - Starting process_gps_tasks
2025-04-30 22:16:12,307 - INFO - Loading shapefiles
2025-04-30 22:16:12,307 - INFO - Loading shapefile: data_map3/Th_Country_region.shp
2025-04-30 22:16:12,323 - INFO - Loading shapefile: data_map3/Th_Province_region.shp
2025-04-30 22:16:12,355 - INFO - Loading shapefile: data_map3/Th_Amphoe_region.shp
2025-04-30 22:16:12,419 - INFO - Loading shapefile: data_map3/Th_Tambon_region.shp
2025-04-30 22:16:12,577 - INFO - Shape Files : Loaded
2025-04-30 22:16:12,835 - INFO - Connected to database
2025-04-30 22:16:12,999 - INFO - Fetched 23 records to process.
2025-04-30 22:16:13,939 - INFO - Finished process_gps_detail
2025-04-30 22:18:14,284 - WARNING - Query timeout occurred, consider reducing limit_records in settings.json
2025-04-30 22:19:21,307 - INFO - Starting process_gps_tasks
2025-04-30 22:19:21,307 - INFO - Loading shapefiles
2025-04-30 22:19:21,307 - INFO - Loading shapefile: data_map3/Th_Country_region.shp
2025-04-30 22:19:21,331 - INFO - Loading shapefile: data_map3/Th_Province_region.shp
2025-04-30 22:19:21,358 - INFO - Loading shapefile: data_map3/Th_Amphoe_region.shp
2025-04-30 22:19:21,455 - INFO - Loading shapefile: data_map3/Th_Tambon_region.shp
2025-04-30 22:19:21,692 - INFO - Shape Files : Loaded
2025-04-30 22:19:21,911 - INFO - Connected to database
2025-04-30 22:19:22,071 - INFO - Fetched 20 records to process.
2025-04-30 22:19:22,773 - INFO - Finished process_gps_detail
2025-04-30 22:21:23,065 - WARNING - Query timeout occurred, consider reducing limit_records in settings.json
2025-04-30 22:22:30,176 - INFO - Starting process_gps_tasks
2025-04-30 22:22:30,176 - INFO - Loading shapefiles
2025-04-30 22:22:30,176 - INFO - Loading shapefile: data_map3/Th_Country_region.shp
2025-04-30 22:22:30,195 - INFO - Loading shapefile: data_map3/Th_Province_region.shp
2025-04-30 22:22:30,226 - INFO - Loading shapefile: data_map3/Th_Amphoe_region.shp
2025-04-30 22:22:30,297 - INFO - Loading shapefile: data_map3/Th_Tambon_region.shp
2025-04-30 22:22:30,456 - INFO - Shape Files : Loaded
2025-04-30 22:22:30,681 - INFO - Connected to database
2025-04-30 22:22:30,838 - INFO - Fetched 23 records to process.
2025-04-30 22:22:31,754 - INFO - Finished process_gps_detail
2025-04-30 22:24:32,043 - WARNING - Query timeout occurred, consider reducing limit_records in settings.json
2025-04-30 22:25:39,355 - INFO - Starting process_gps_tasks
2025-04-30 22:25:39,355 - INFO - Loading shapefiles
2025-04-30 22:25:39,355 - INFO - Loading shapefile: data_map3/Th_Country_region.shp
2025-04-30 22:25:39,372 - INFO - Loading shapefile: data_map3/Th_Province_region.shp
2025-04-30 22:25:39,388 - INFO - Loading shapefile: data_map3/Th_Amphoe_region.shp
2025-04-30 22:25:39,473 - INFO - Loading shapefile: data_map3/Th_Tambon_region.shp
2025-04-30 22:25:39,629 - INFO - Shape Files : Loaded
2025-04-30 22:25:39,879 - INFO - Connected to database
2025-04-30 22:25:40,048 - INFO - Fetched 35 records to process.
2025-04-30 22:25:41,187 - INFO - Finished process_gps_detail
2025-04-30 22:27:41,508 - WARNING - Query timeout occurred, consider reducing limit_records in settings.json
2025-04-30 22:28:48,511 - INFO - Starting process_gps_tasks
2025-04-30 22:28:48,511 - INFO - Loading shapefiles
2025-04-30 22:28:48,511 - INFO - Loading shapefile: data_map3/Th_Country_region.shp
2025-04-30 22:28:48,527 - INFO - Loading shapefile: data_map3/Th_Province_region.shp
2025-04-30 22:28:48,559 - INFO - Loading shapefile: data_map3/Th_Amphoe_region.shp
2025-04-30 22:28:48,630 - INFO - Loading shapefile: data_map3/Th_Tambon_region.shp
2025-04-30 22:28:48,766 - INFO - Shape Files : Loaded
2025-04-30 22:28:49,005 - INFO - Connected to database
2025-04-30 22:28:49,159 - INFO - Fetched 26 records to process.
2025-04-30 22:28:50,137 - INFO - Finished process_gps_detail
2025-04-30 22:30:50,409 - WARNING - Query timeout occurred, consider reducing limit_records in settings.json
2025-04-30 22:31:56,552 - INFO - Starting process_gps_tasks
2025-04-30 22:31:56,552 - INFO - Loading shapefiles
2025-04-30 22:31:56,552 - INFO - Loading shapefile: data_map3/Th_Country_region.shp
2025-04-30 22:31:56,563 - INFO - Loading shapefile: data_map3/Th_Province_region.shp
2025-04-30 22:31:56,594 - INFO - Loading shapefile: data_map3/Th_Amphoe_region.shp
2025-04-30 22:31:56,650 - INFO - Loading shapefile: data_map3/Th_Tambon_region.shp
2025-04-30 22:31:56,800 - INFO - Shape Files : Loaded
2025-04-30 22:31:57,071 - INFO - Connected to database
2025-04-30 22:31:57,359 - INFO - Fetched 34 records to process.
2025-04-30 22:31:58,484 - INFO - Finished process_gps_detail
2025-04-30 22:33:58,755 - WARNING - Query timeout occurred, consider reducing limit_records in settings.json
2025-04-30 22:35:06,125 - INFO - Starting process_gps_tasks
2025-04-30 22:35:06,125 - INFO - Loading shapefiles
2025-04-30 22:35:06,125 - INFO - Loading shapefile: data_map3/Th_Country_region.shp
2025-04-30 22:35:06,144 - INFO - Loading shapefile: data_map3/Th_Province_region.shp
2025-04-30 22:35:06,156 - INFO - Loading shapefile: data_map3/Th_Amphoe_region.shp
2025-04-30 22:35:06,236 - INFO - Loading shapefile: data_map3/Th_Tambon_region.shp
2025-04-30 22:35:06,379 - INFO - Shape Files : Loaded
2025-04-30 22:35:06,602 - INFO - Connected to database
2025-04-30 22:35:06,745 - INFO - Fetched 29 records to process.
2025-04-30 22:35:08,071 - INFO - Finished process_gps_detail
2025-04-30 22:37:08,336 - WARNING - Query timeout occurred, consider reducing limit_records in settings.json
2025-04-30 22:38:15,340 - INFO - Starting process_gps_tasks
2025-04-30 22:38:15,340 - INFO - Loading shapefiles
2025-04-30 22:38:15,340 - INFO - Loading shapefile: data_map3/Th_Country_region.shp
2025-04-30 22:38:15,356 - INFO - Loading shapefile: data_map3/Th_Province_region.shp
2025-04-30 22:38:15,385 - INFO - Loading shapefile: data_map3/Th_Amphoe_region.shp
2025-04-30 22:38:15,452 - INFO - Loading shapefile: data_map3/Th_Tambon_region.shp
2025-04-30 22:38:15,595 - INFO - Shape Files : Loaded
2025-04-30 22:38:15,851 - INFO - Connected to database
2025-04-30 22:38:15,995 - INFO - Fetched 36 records to process.
2025-04-30 22:38:17,103 - INFO - Finished process_gps_detail
2025-04-30 22:40:17,392 - WARNING - Query timeout occurred, consider reducing limit_records in settings.json
2025-04-30 22:41:24,417 - INFO - Starting process_gps_tasks
2025-04-30 22:41:24,417 - INFO - Loading shapefiles
2025-04-30 22:41:24,417 - INFO - Loading shapefile: data_map3/Th_Country_region.shp
2025-04-30 22:41:24,435 - INFO - Loading shapefile: data_map3/Th_Province_region.shp
2025-04-30 22:41:24,464 - INFO - Loading shapefile: data_map3/Th_Amphoe_region.shp
2025-04-30 22:41:24,535 - INFO - Loading shapefile: data_map3/Th_Tambon_region.shp
2025-04-30 22:41:24,686 - INFO - Shape Files : Loaded
2025-04-30 22:41:24,910 - INFO - Connected to database
2025-04-30 22:41:25,070 - INFO - Fetched 43 records to process.
2025-04-30 22:41:26,723 - INFO - Finished process_gps_detail
2025-04-30 22:43:27,007 - WARNING - Query timeout occurred, consider reducing limit_records in settings.json
2025-04-30 22:44:34,110 - INFO - Starting process_gps_tasks
2025-04-30 22:44:34,110 - INFO - Loading shapefiles
2025-04-30 22:44:34,110 - INFO - Loading shapefile: data_map3/Th_Country_region.shp
2025-04-30 22:44:34,120 - INFO - Loading shapefile: data_map3/Th_Province_region.shp
2025-04-30 22:44:34,151 - INFO - Loading shapefile: data_map3/Th_Amphoe_region.shp
2025-04-30 22:44:34,216 - INFO - Loading shapefile: data_map3/Th_Tambon_region.shp
2025-04-30 22:44:34,375 - INFO - Shape Files : Loaded
2025-04-30 22:44:34,631 - INFO - Connected to database
2025-04-30 22:44:34,829 - INFO - Fetched 55 records to process.
2025-04-30 22:44:36,680 - INFO - Finished process_gps_detail
2025-04-30 22:46:37,001 - WARNING - Query timeout occurred, consider reducing limit_records in settings.json
2025-04-30 22:47:44,303 - INFO - Starting process_gps_tasks
2025-04-30 22:47:44,303 - INFO - Loading shapefiles
2025-04-30 22:47:44,303 - INFO - Loading shapefile: data_map3/Th_Country_region.shp
2025-04-30 22:47:44,320 - INFO - Loading shapefile: data_map3/Th_Province_region.shp
2025-04-30 22:47:44,356 - INFO - Loading shapefile: data_map3/Th_Amphoe_region.shp
2025-04-30 22:47:44,431 - INFO - Loading shapefile: data_map3/Th_Tambon_region.shp
2025-04-30 22:47:44,574 - INFO - Shape Files : Loaded
2025-04-30 22:47:44,831 - INFO - Connected to database
2025-04-30 22:47:45,025 - INFO - Fetched 49 records to process.
2025-04-30 22:47:46,760 - INFO - Finished process_gps_detail
2025-04-30 22:49:47,084 - WARNING - Query timeout occurred, consider reducing limit_records in settings.json
2025-04-30 22:50:54,282 - INFO - Starting process_gps_tasks
2025-04-30 22:50:54,282 - INFO - Loading shapefiles
2025-04-30 22:50:54,282 - INFO - Loading shapefile: data_map3/Th_Country_region.shp
2025-04-30 22:50:54,298 - INFO - Loading shapefile: data_map3/Th_Province_region.shp
2025-04-30 22:50:54,328 - INFO - Loading shapefile: data_map3/Th_Amphoe_region.shp
2025-04-30 22:50:54,392 - INFO - Loading shapefile: data_map3/Th_Tambon_region.shp
2025-04-30 22:50:54,567 - INFO - Shape Files : Loaded
2025-04-30 22:50:54,827 - INFO - Connected to database
2025-04-30 22:50:55,016 - INFO - Fetched 46 records to process.
2025-04-30 22:50:56,595 - INFO - Finished process_gps_detail
2025-04-30 22:52:56,895 - WARNING - Query timeout occurred, consider reducing limit_records in settings.json
2025-04-30 22:54:04,468 - INFO - Starting process_gps_tasks
2025-04-30 22:54:04,468 - INFO - Loading shapefiles
2025-04-30 22:54:04,468 - INFO - Loading shapefile: data_map3/Th_Country_region.shp
2025-04-30 22:54:04,484 - INFO - Loading shapefile: data_map3/Th_Province_region.shp
2025-04-30 22:54:04,500 - INFO - Loading shapefile: data_map3/Th_Amphoe_region.shp
2025-04-30 22:54:04,580 - INFO - Loading shapefile: data_map3/Th_Tambon_region.shp
2025-04-30 22:54:04,723 - INFO - Shape Files : Loaded
2025-04-30 22:54:04,980 - INFO - Connected to database
2025-04-30 22:54:05,144 - INFO - Fetched 43 records to process.
2025-04-30 22:54:06,688 - INFO - Finished process_gps_detail
2025-04-30 22:56:06,986 - WARNING - Query timeout occurred, consider reducing limit_records in settings.json
2025-04-30 22:57:14,302 - INFO - Starting process_gps_tasks
2025-04-30 22:57:14,302 - INFO - Loading shapefiles
2025-04-30 22:57:14,302 - INFO - Loading shapefile: data_map3/Th_Country_region.shp
2025-04-30 22:57:14,318 - INFO - Loading shapefile: data_map3/Th_Province_region.shp
2025-04-30 22:57:14,349 - INFO - Loading shapefile: data_map3/Th_Amphoe_region.shp
2025-04-30 22:57:14,413 - INFO - Loading shapefile: data_map3/Th_Tambon_region.shp
2025-04-30 22:57:14,572 - INFO - Shape Files : Loaded
2025-04-30 22:57:14,844 - INFO - Connected to database
2025-04-30 22:57:15,023 - INFO - Fetched 42 records to process.
2025-04-30 22:57:16,226 - INFO - Finished process_gps_detail
2025-04-30 22:59:16,541 - WARNING - Query timeout occurred, consider reducing limit_records in settings.json
2025-04-30 23:00:23,789 - INFO - Starting process_gps_tasks
2025-04-30 23:00:23,789 - INFO - Loading shapefiles
2025-04-30 23:00:23,789 - INFO - Loading shapefile: data_map3/Th_Country_region.shp
2025-04-30 23:00:23,807 - INFO - Loading shapefile: data_map3/Th_Province_region.shp
2025-04-30 23:00:23,821 - INFO - Loading shapefile: data_map3/Th_Amphoe_region.shp
2025-04-30 23:00:23,907 - INFO - Loading shapefile: data_map3/Th_Tambon_region.shp
2025-04-30 23:00:24,059 - INFO - Shape Files : Loaded
2025-04-30 23:00:24,315 - INFO - Connected to database
2025-04-30 23:00:24,481 - INFO - Fetched 41 records to process.
2025-04-30 23:00:25,657 - INFO - Finished process_gps_detail
2025-04-30 23:02:25,977 - WARNING - Query timeout occurred, consider reducing limit_records in settings.json
2025-04-30 23:03:33,099 - INFO - Starting process_gps_tasks
2025-04-30 23:03:33,099 - INFO - Loading shapefiles
2025-04-30 23:03:33,099 - INFO - Loading shapefile: data_map3/Th_Country_region.shp
2025-04-30 23:03:33,119 - INFO - Loading shapefile: data_map3/Th_Province_region.shp
2025-04-30 23:03:33,132 - INFO - Loading shapefile: data_map3/Th_Amphoe_region.shp
2025-04-30 23:03:33,211 - INFO - Loading shapefile: data_map3/Th_Tambon_region.shp
2025-04-30 23:03:33,369 - INFO - Shape Files : Loaded
2025-04-30 23:03:33,651 - INFO - Connected to database
2025-04-30 23:03:33,810 - INFO - Fetched 38 records to process.
2025-04-30 23:03:35,069 - INFO - Finished process_gps_detail
2025-04-30 23:05:35,355 - WARNING - Query timeout occurred, consider reducing limit_records in settings.json
2025-04-30 23:06:42,607 - INFO - Starting process_gps_tasks
2025-04-30 23:06:42,607 - INFO - Loading shapefiles
2025-04-30 23:06:42,607 - INFO - Loading shapefile: data_map3/Th_Country_region.shp
2025-04-30 23:06:42,616 - INFO - Loading shapefile: data_map3/Th_Province_region.shp
2025-04-30 23:06:42,656 - INFO - Loading shapefile: data_map3/Th_Amphoe_region.shp
2025-04-30 23:06:42,726 - INFO - Loading shapefile: data_map3/Th_Tambon_region.shp
2025-04-30 23:06:42,883 - INFO - Shape Files : Loaded
2025-04-30 23:06:43,123 - INFO - Connected to database
2025-04-30 23:06:43,303 - INFO - Fetched 40 records to process.
2025-04-30 23:06:44,725 - INFO - Finished process_gps_detail
2025-04-30 23:08:45,038 - WARNING - Query timeout occurred, consider reducing limit_records in settings.json
2025-04-30 23:09:52,292 - INFO - Starting process_gps_tasks
2025-04-30 23:09:52,292 - INFO - Loading shapefiles
2025-04-30 23:09:52,292 - INFO - Loading shapefile: data_map3/Th_Country_region.shp
2025-04-30 23:09:52,308 - INFO - Loading shapefile: data_map3/Th_Province_region.shp
2025-04-30 23:09:52,324 - INFO - Loading shapefile: data_map3/Th_Amphoe_region.shp
2025-04-30 23:09:52,403 - INFO - Loading shapefile: data_map3/Th_Tambon_region.shp
2025-04-30 23:09:52,563 - INFO - Shape Files : Loaded
2025-04-30 23:09:52,819 - INFO - Connected to database
2025-04-30 23:09:52,981 - INFO - Fetched 30 records to process.
2025-04-30 23:09:53,823 - INFO - Finished process_gps_detail
2025-04-30 23:11:54,085 - WARNING - Query timeout occurred, consider reducing limit_records in settings.json
2025-04-30 23:13:01,714 - INFO - Starting process_gps_tasks
2025-04-30 23:13:01,714 - INFO - Loading shapefiles
2025-04-30 23:13:01,714 - INFO - Loading shapefile: data_map3/Th_Country_region.shp
2025-04-30 23:13:01,733 - INFO - Loading shapefile: data_map3/Th_Province_region.shp
2025-04-30 23:13:01,747 - INFO - Loading shapefile: data_map3/Th_Amphoe_region.shp
2025-04-30 23:13:01,826 - INFO - Loading shapefile: data_map3/Th_Tambon_region.shp
2025-04-30 23:13:01,984 - INFO - Shape Files : Loaded
2025-04-30 23:13:02,224 - INFO - Connected to database
2025-04-30 23:13:02,400 - INFO - Fetched 37 records to process.
2025-04-30 23:13:03,519 - INFO - Finished process_gps_detail
2025-04-30 23:15:03,830 - WARNING - Query timeout occurred, consider reducing limit_records in settings.json
2025-04-30 23:16:11,133 - INFO - Starting process_gps_tasks
2025-04-30 23:16:11,133 - INFO - Loading shapefiles
2025-04-30 23:16:11,133 - INFO - Loading shapefile: data_map3/Th_Country_region.shp
2025-04-30 23:16:11,151 - INFO - Loading shapefile: data_map3/Th_Province_region.shp
2025-04-30 23:16:11,165 - INFO - Loading shapefile: data_map3/Th_Amphoe_region.shp
2025-04-30 23:16:11,244 - INFO - Loading shapefile: data_map3/Th_Tambon_region.shp
2025-04-30 23:16:11,387 - INFO - Shape Files : Loaded
2025-04-30 23:16:11,634 - INFO - Connected to database
2025-04-30 23:16:11,788 - INFO - Fetched 38 records to process.
2025-04-30 23:16:13,244 - INFO - Finished process_gps_detail
2025-04-30 23:18:13,528 - WARNING - Query timeout occurred, consider reducing limit_records in settings.json
2025-04-30 23:19:20,780 - INFO - Starting process_gps_tasks
2025-04-30 23:19:20,780 - INFO - Loading shapefiles
2025-04-30 23:19:20,780 - INFO - Loading shapefile: data_map3/Th_Country_region.shp
2025-04-30 23:19:20,796 - INFO - Loading shapefile: data_map3/Th_Province_region.shp
2025-04-30 23:19:20,828 - INFO - Loading shapefile: data_map3/Th_Amphoe_region.shp
2025-04-30 23:19:20,891 - INFO - Loading shapefile: data_map3/Th_Tambon_region.shp
2025-04-30 23:19:21,051 - INFO - Shape Files : Loaded
2025-04-30 23:19:21,275 - INFO - Connected to database
2025-04-30 23:19:21,433 - INFO - Fetched 33 records to process.
2025-04-30 23:19:22,859 - INFO - Finished process_gps_detail
2025-04-30 23:21:23,122 - WARNING - Query timeout occurred, consider reducing limit_records in settings.json
2025-04-30 23:22:30,872 - INFO - Starting process_gps_tasks
2025-04-30 23:22:30,872 - INFO - Loading shapefiles
2025-04-30 23:22:30,872 - INFO - Loading shapefile: data_map3/Th_Country_region.shp
2025-04-30 23:22:30,888 - INFO - Loading shapefile: data_map3/Th_Province_region.shp
2025-04-30 23:22:30,920 - INFO - Loading shapefile: data_map3/Th_Amphoe_region.shp
2025-04-30 23:22:30,983 - INFO - Loading shapefile: data_map3/Th_Tambon_region.shp
2025-04-30 23:22:31,176 - INFO - Shape Files : Loaded
2025-04-30 23:22:31,412 - INFO - Connected to database
2025-04-30 23:22:31,580 - INFO - Fetched 45 records to process.
2025-04-30 23:22:33,311 - INFO - Finished process_gps_detail
2025-04-30 23:24:33,580 - WARNING - Query timeout occurred, consider reducing limit_records in settings.json
2025-04-30 23:25:41,021 - INFO - Starting process_gps_tasks
2025-04-30 23:25:41,021 - INFO - Loading shapefiles
2025-04-30 23:25:41,021 - INFO - Loading shapefile: data_map3/Th_Country_region.shp
2025-04-30 23:25:41,037 - INFO - Loading shapefile: data_map3/Th_Province_region.shp
2025-04-30 23:25:41,053 - INFO - Loading shapefile: data_map3/Th_Amphoe_region.shp
2025-04-30 23:25:41,116 - INFO - Loading shapefile: data_map3/Th_Tambon_region.shp
2025-04-30 23:25:41,259 - INFO - Shape Files : Loaded
2025-04-30 23:25:41,514 - INFO - Connected to database
2025-04-30 23:25:41,674 - INFO - Fetched 48 records to process.
2025-04-30 23:25:43,481 - INFO - Finished process_gps_detail
2025-04-30 23:27:43,759 - WARNING - Query timeout occurred, consider reducing limit_records in settings.json
2025-04-30 23:28:50,887 - INFO - Starting process_gps_tasks
2025-04-30 23:28:50,887 - INFO - Loading shapefiles
2025-04-30 23:28:50,887 - INFO - Loading shapefile: data_map3/Th_Country_region.shp
2025-04-30 23:28:50,905 - INFO - Loading shapefile: data_map3/Th_Province_region.shp
2025-04-30 23:28:50,928 - INFO - Loading shapefile: data_map3/Th_Amphoe_region.shp
2025-04-30 23:28:50,982 - INFO - Loading shapefile: data_map3/Th_Tambon_region.shp
2025-04-30 23:28:51,139 - INFO - Shape Files : Loaded
2025-04-30 23:28:51,380 - INFO - Connected to database
2025-04-30 23:28:51,544 - INFO - Fetched 31 records to process.
2025-04-30 23:28:52,557 - INFO - Finished process_gps_detail
2025-04-30 23:30:52,815 - WARNING - Query timeout occurred, consider reducing limit_records in settings.json
2025-04-30 23:31:59,845 - INFO - Starting process_gps_tasks
2025-04-30 23:31:59,845 - INFO - Loading shapefiles
2025-04-30 23:31:59,845 - INFO - Loading shapefile: data_map3/Th_Country_region.shp
2025-04-30 23:31:59,870 - INFO - Loading shapefile: data_map3/Th_Province_region.shp
2025-04-30 23:31:59,904 - INFO - Loading shapefile: data_map3/Th_Amphoe_region.shp
2025-04-30 23:31:59,988 - INFO - Loading shapefile: data_map3/Th_Tambon_region.shp
2025-04-30 23:32:00,147 - INFO - Shape Files : Loaded
2025-04-30 23:32:00,386 - INFO - Connected to database
2025-04-30 23:32:00,563 - INFO - Fetched 58 records to process.
2025-04-30 23:32:03,152 - INFO - Finished process_gps_detail
2025-04-30 23:34:03,452 - WARNING - Query timeout occurred, consider reducing limit_records in settings.json
2025-04-30 23:35:10,507 - INFO - Starting process_gps_tasks
2025-04-30 23:35:10,507 - INFO - Loading shapefiles
2025-04-30 23:35:10,507 - INFO - Loading shapefile: data_map3/Th_Country_region.shp
2025-04-30 23:35:10,526 - INFO - Loading shapefile: data_map3/Th_Province_region.shp
2025-04-30 23:35:10,555 - INFO - Loading shapefile: data_map3/Th_Amphoe_region.shp
2025-04-30 23:35:10,627 - INFO - Loading shapefile: data_map3/Th_Tambon_region.shp
2025-04-30 23:35:10,778 - INFO - Shape Files : Loaded
2025-04-30 23:35:11,003 - INFO - Connected to database
2025-04-30 23:35:11,179 - INFO - Fetched 42 records to process.
2025-04-30 23:35:12,567 - INFO - Finished process_gps_detail
2025-04-30 23:37:12,886 - WARNING - Query timeout occurred, consider reducing limit_records in settings.json
2025-04-30 23:38:19,898 - INFO - Starting process_gps_tasks
2025-04-30 23:38:19,898 - INFO - Loading shapefiles
2025-04-30 23:38:19,898 - INFO - Loading shapefile: data_map3/Th_Country_region.shp
2025-04-30 23:38:19,914 - INFO - Loading shapefile: data_map3/Th_Province_region.shp
2025-04-30 23:38:19,946 - INFO - Loading shapefile: data_map3/Th_Amphoe_region.shp
2025-04-30 23:38:20,009 - INFO - Loading shapefile: data_map3/Th_Tambon_region.shp
2025-04-30 23:38:20,168 - INFO - Shape Files : Loaded
2025-04-30 23:38:20,455 - INFO - Connected to database
2025-04-30 23:38:20,620 - INFO - Fetched 27 records to process.
2025-04-30 23:38:21,649 - INFO - Finished process_gps_detail
2025-04-30 23:40:22,055 - WARNING - Query timeout occurred, consider reducing limit_records in settings.json
2025-04-30 23:41:29,144 - INFO - Starting process_gps_tasks
2025-04-30 23:41:29,144 - INFO - Loading shapefiles
2025-04-30 23:41:29,144 - INFO - Loading shapefile: data_map3/Th_Country_region.shp
2025-04-30 23:41:29,162 - INFO - Loading shapefile: data_map3/Th_Province_region.shp
2025-04-30 23:41:29,192 - INFO - Loading shapefile: data_map3/Th_Amphoe_region.shp
2025-04-30 23:41:29,267 - INFO - Loading shapefile: data_map3/Th_Tambon_region.shp
2025-04-30 23:41:29,415 - INFO - Shape Files : Loaded
2025-04-30 23:41:29,728 - INFO - Connected to database
2025-04-30 23:41:29,896 - INFO - Fetched 43 records to process.
2025-04-30 23:41:31,031 - INFO - Finished process_gps_detail
2025-04-30 23:43:31,294 - WARNING - Query timeout occurred, consider reducing limit_records in settings.json
2025-04-30 23:44:38,528 - INFO - Starting process_gps_tasks
2025-04-30 23:44:38,528 - INFO - Loading shapefiles
2025-04-30 23:44:38,528 - INFO - Loading shapefile: data_map3/Th_Country_region.shp
2025-04-30 23:44:38,544 - INFO - Loading shapefile: data_map3/Th_Province_region.shp
2025-04-30 23:44:38,560 - INFO - Loading shapefile: data_map3/Th_Amphoe_region.shp
2025-04-30 23:44:38,640 - INFO - Loading shapefile: data_map3/Th_Tambon_region.shp
2025-04-30 23:44:38,783 - INFO - Shape Files : Loaded
2025-04-30 23:44:39,040 - INFO - Connected to database
2025-04-30 23:44:39,214 - INFO - Fetched 32 records to process.
2025-04-30 23:44:40,266 - INFO - Finished process_gps_detail
2025-04-30 23:46:40,566 - WARNING - Query timeout occurred, consider reducing limit_records in settings.json
2025-04-30 23:47:47,875 - INFO - Starting process_gps_tasks
2025-04-30 23:47:47,875 - INFO - Loading shapefiles
2025-04-30 23:47:47,875 - INFO - Loading shapefile: data_map3/Th_Country_region.shp
2025-04-30 23:47:47,895 - INFO - Loading shapefile: data_map3/Th_Province_region.shp
2025-04-30 23:47:47,923 - INFO - Loading shapefile: data_map3/Th_Amphoe_region.shp
2025-04-30 23:47:47,986 - INFO - Loading shapefile: data_map3/Th_Tambon_region.shp
2025-04-30 23:47:48,140 - INFO - Shape Files : Loaded
2025-04-30 23:47:48,353 - INFO - Connected to database
2025-04-30 23:47:48,624 - INFO - Fetched 21 records to process.
2025-04-30 23:47:49,463 - INFO - Finished process_gps_detail
2025-04-30 23:49:49,744 - WARNING - Query timeout occurred, consider reducing limit_records in settings.json
2025-04-30 23:50:56,923 - INFO - Starting process_gps_tasks
2025-04-30 23:50:56,923 - INFO - Loading shapefiles
2025-04-30 23:50:56,923 - INFO - Loading shapefile: data_map3/Th_Country_region.shp
2025-04-30 23:50:56,939 - INFO - Loading shapefile: data_map3/Th_Province_region.shp
2025-04-30 23:50:56,971 - INFO - Loading shapefile: data_map3/Th_Amphoe_region.shp
2025-04-30 23:50:57,036 - INFO - Loading shapefile: data_map3/Th_Tambon_region.shp
2025-04-30 23:50:57,196 - INFO - Shape Files : Loaded
2025-04-30 23:50:57,435 - INFO - Connected to database
2025-04-30 23:50:57,612 - INFO - Fetched 29 records to process.
2025-04-30 23:50:58,743 - INFO - Finished process_gps_detail
2025-04-30 23:52:58,998 - WARNING - Query timeout occurred, consider reducing limit_records in settings.json
2025-04-30 23:54:06,580 - INFO - Starting process_gps_tasks
2025-04-30 23:54:06,580 - INFO - Loading shapefiles
2025-04-30 23:54:06,580 - INFO - Loading shapefile: data_map3/Th_Country_region.shp
2025-04-30 23:54:06,600 - INFO - Loading shapefile: data_map3/Th_Province_region.shp
2025-04-30 23:54:06,616 - INFO - Loading shapefile: data_map3/Th_Amphoe_region.shp
2025-04-30 23:54:06,696 - INFO - Loading shapefile: data_map3/Th_Tambon_region.shp
2025-04-30 23:54:06,856 - INFO - Shape Files : Loaded
2025-04-30 23:54:07,079 - INFO - Connected to database
2025-04-30 23:54:07,255 - INFO - Fetched 23 records to process.
2025-04-30 23:54:08,197 - INFO - Finished process_gps_detail
2025-04-30 23:56:08,642 - WARNING - Query timeout occurred, consider reducing limit_records in settings.json
2025-04-30 23:57:16,048 - INFO - Starting process_gps_tasks
2025-04-30 23:57:16,048 - INFO - Loading shapefiles
2025-04-30 23:57:16,048 - INFO - Loading shapefile: data_map3/Th_Country_region.shp
2025-04-30 23:57:16,064 - INFO - Loading shapefile: data_map3/Th_Province_region.shp
2025-04-30 23:57:16,095 - INFO - Loading shapefile: data_map3/Th_Amphoe_region.shp
2025-04-30 23:57:16,159 - INFO - Loading shapefile: data_map3/Th_Tambon_region.shp
2025-04-30 23:57:16,305 - INFO - Shape Files : Loaded
2025-04-30 23:57:16,559 - INFO - Connected to database
2025-04-30 23:57:16,702 - INFO - Fetched 22 records to process.
2025-04-30 23:57:17,435 - INFO - Finished process_gps_detail
2025-04-30 23:59:17,705 - WARNING - Query timeout occurred, consider reducing limit_records in settings.json
2025-05-01 00:00:24,936 - INFO - Starting process_gps_tasks
2025-05-01 00:00:24,936 - INFO - Loading shapefiles
2025-05-01 00:00:24,936 - INFO - Loading shapefile: data_map3/Th_Country_region.shp
2025-05-01 00:00:24,955 - INFO - Loading shapefile: data_map3/Th_Province_region.shp
2025-05-01 00:00:24,983 - INFO - Loading shapefile: data_map3/Th_Amphoe_region.shp
2025-05-01 00:00:25,052 - INFO - Loading shapefile: data_map3/Th_Tambon_region.shp
2025-05-01 00:00:25,196 - INFO - Shape Files : Loaded
2025-05-01 00:00:25,435 - INFO - Connected to database
2025-05-01 00:00:25,594 - INFO - Fetched 32 records to process.
2025-05-01 00:00:26,649 - INFO - Finished process_gps_detail
2025-05-01 00:02:26,931 - WARNING - Query timeout occurred, consider reducing limit_records in settings.json
2025-05-01 00:03:34,437 - INFO - Starting process_gps_tasks
2025-05-01 00:03:34,437 - INFO - Loading shapefiles
2025-05-01 00:03:34,437 - INFO - Loading shapefile: data_map3/Th_Country_region.shp
2025-05-01 00:03:34,454 - INFO - Loading shapefile: data_map3/Th_Province_region.shp
2025-05-01 00:03:34,492 - INFO - Loading shapefile: data_map3/Th_Amphoe_region.shp
2025-05-01 00:03:34,562 - INFO - Loading shapefile: data_map3/Th_Tambon_region.shp
2025-05-01 00:03:34,721 - INFO - Shape Files : Loaded
2025-05-01 00:03:35,009 - INFO - Connected to database
2025-05-01 00:03:35,185 - INFO - Fetched 29 records to process.
2025-05-01 00:03:36,217 - INFO - Finished process_gps_detail
2025-05-01 00:05:36,523 - WARNING - Query timeout occurred, consider reducing limit_records in settings.json
2025-05-01 00:06:43,888 - INFO - Starting process_gps_tasks
2025-05-01 00:06:43,888 - INFO - Loading shapefiles
2025-05-01 00:06:43,888 - INFO - Loading shapefile: data_map3/Th_Country_region.shp
2025-05-01 00:06:43,910 - INFO - Loading shapefile: data_map3/Th_Province_region.shp
2025-05-01 00:06:43,941 - INFO - Loading shapefile: data_map3/Th_Amphoe_region.shp
2025-05-01 00:06:44,026 - INFO - Loading shapefile: data_map3/Th_Tambon_region.shp
2025-05-01 00:06:44,222 - INFO - Shape Files : Loaded
2025-05-01 00:06:44,427 - INFO - Connected to database
2025-05-01 00:06:44,601 - INFO - Fetched 31 records to process.
2025-05-01 00:06:45,965 - INFO - Finished process_gps_detail
2025-05-01 00:08:46,260 - WARNING - Query timeout occurred, consider reducing limit_records in settings.json
2025-05-01 00:09:53,408 - INFO - Starting process_gps_tasks
2025-05-01 00:09:53,408 - INFO - Loading shapefiles
2025-05-01 00:09:53,408 - INFO - Loading shapefile: data_map3/Th_Country_region.shp
2025-05-01 00:09:53,448 - INFO - Loading shapefile: data_map3/Th_Province_region.shp
2025-05-01 00:09:53,487 - INFO - Loading shapefile: data_map3/Th_Amphoe_region.shp
2025-05-01 00:09:53,582 - INFO - Loading shapefile: data_map3/Th_Tambon_region.shp
2025-05-01 00:09:53,757 - INFO - Shape Files : Loaded
2025-05-01 00:09:53,969 - INFO - Connected to database
2025-05-01 00:09:54,141 - INFO - Fetched 24 records to process.
2025-05-01 00:09:54,972 - INFO - Finished process_gps_detail
2025-05-01 00:11:55,246 - WARNING - Query timeout occurred, consider reducing limit_records in settings.json
2025-05-01 00:13:02,702 - INFO - Starting process_gps_tasks
2025-05-01 00:13:02,702 - INFO - Loading shapefiles
2025-05-01 00:13:02,702 - INFO - Loading shapefile: data_map3/Th_Country_region.shp
2025-05-01 00:13:02,716 - INFO - Loading shapefile: data_map3/Th_Province_region.shp
2025-05-01 00:13:02,755 - INFO - Loading shapefile: data_map3/Th_Amphoe_region.shp
2025-05-01 00:13:02,831 - INFO - Loading shapefile: data_map3/Th_Tambon_region.shp
2025-05-01 00:13:02,985 - INFO - Shape Files : Loaded
2025-05-01 00:13:03,196 - INFO - Connected to database
2025-05-01 00:13:03,370 - INFO - Fetched 32 records to process.
2025-05-01 00:13:04,392 - INFO - Finished process_gps_detail
2025-05-01 00:15:04,682 - WARNING - Query timeout occurred, consider reducing limit_records in settings.json
2025-05-01 00:16:12,090 - INFO - Starting process_gps_tasks
2025-05-01 00:16:12,090 - INFO - Loading shapefiles
2025-05-01 00:16:12,090 - INFO - Loading shapefile: data_map3/Th_Country_region.shp
2025-05-01 00:16:12,108 - INFO - Loading shapefile: data_map3/Th_Province_region.shp
2025-05-01 00:16:12,132 - INFO - Loading shapefile: data_map3/Th_Amphoe_region.shp
2025-05-01 00:16:12,193 - INFO - Loading shapefile: data_map3/Th_Tambon_region.shp
2025-05-01 00:16:12,329 - INFO - Shape Files : Loaded
2025-05-01 00:16:12,554 - INFO - Connected to database
2025-05-01 00:16:12,724 - INFO - Fetched 22 records to process.
2025-05-01 00:16:13,634 - INFO - Finished process_gps_detail
2025-05-01 00:18:13,927 - WARNING - Query timeout occurred, consider reducing limit_records in settings.json
2025-05-01 00:19:21,410 - INFO - Starting process_gps_tasks
2025-05-01 00:19:21,410 - INFO - Loading shapefiles
2025-05-01 00:19:21,410 - INFO - Loading shapefile: data_map3/Th_Country_region.shp
2025-05-01 00:19:21,426 - INFO - Loading shapefile: data_map3/Th_Province_region.shp
2025-05-01 00:19:21,441 - INFO - Loading shapefile: data_map3/Th_Amphoe_region.shp
2025-05-01 00:19:21,521 - INFO - Loading shapefile: data_map3/Th_Tambon_region.shp
2025-05-01 00:19:21,680 - INFO - Shape Files : Loaded
2025-05-01 00:19:21,967 - INFO - Connected to database
2025-05-01 00:19:22,128 - INFO - Fetched 33 records to process.
2025-05-01 00:19:23,575 - INFO - Finished process_gps_detail
2025-05-01 00:21:23,878 - WARNING - Query timeout occurred, consider reducing limit_records in settings.json
2025-05-01 00:22:31,432 - INFO - Starting process_gps_tasks
2025-05-01 00:22:31,432 - INFO - Loading shapefiles
2025-05-01 00:22:31,432 - INFO - Loading shapefile: data_map3/Th_Country_region.shp
2025-05-01 00:22:31,447 - INFO - Loading shapefile: data_map3/Th_Province_region.shp
2025-05-01 00:22:31,487 - INFO - Loading shapefile: data_map3/Th_Amphoe_region.shp
2025-05-01 00:22:31,569 - INFO - Loading shapefile: data_map3/Th_Tambon_region.shp
2025-05-01 00:22:31,727 - INFO - Shape Files : Loaded
2025-05-01 00:22:31,968 - INFO - Connected to database
2025-05-01 00:22:32,134 - INFO - Fetched 25 records to process.
2025-05-01 00:22:33,008 - INFO - Finished process_gps_detail
2025-05-01 00:24:33,279 - WARNING - Query timeout occurred, consider reducing limit_records in settings.json
2025-05-01 00:25:40,488 - INFO - Starting process_gps_tasks
2025-05-01 00:25:40,488 - INFO - Loading shapefiles
2025-05-01 00:25:40,488 - INFO - Loading shapefile: data_map3/Th_Country_region.shp
2025-05-01 00:25:40,504 - INFO - Loading shapefile: data_map3/Th_Province_region.shp
2025-05-01 00:25:40,519 - INFO - Loading shapefile: data_map3/Th_Amphoe_region.shp
2025-05-01 00:25:40,599 - INFO - Loading shapefile: data_map3/Th_Tambon_region.shp
2025-05-01 00:25:40,758 - INFO - Shape Files : Loaded
2025-05-01 00:25:40,965 - INFO - Connected to database
2025-05-01 00:25:41,125 - INFO - Fetched 39 records to process.
2025-05-01 00:25:42,525 - INFO - Finished process_gps_detail
2025-05-01 00:27:42,818 - WARNING - Query timeout occurred, consider reducing limit_records in settings.json
2025-05-01 00:28:49,670 - INFO - Starting process_gps_tasks
2025-05-01 00:28:49,670 - INFO - Loading shapefiles
2025-05-01 00:28:49,670 - INFO - Loading shapefile: data_map3/Th_Country_region.shp
2025-05-01 00:28:49,689 - INFO - Loading shapefile: data_map3/Th_Province_region.shp
2025-05-01 00:28:49,718 - INFO - Loading shapefile: data_map3/Th_Amphoe_region.shp
2025-05-01 00:28:49,781 - INFO - Loading shapefile: data_map3/Th_Tambon_region.shp
2025-05-01 00:28:49,942 - INFO - Shape Files : Loaded
2025-05-01 00:28:50,160 - INFO - Connected to database
2025-05-01 00:28:50,327 - INFO - Fetched 36 records to process.
2025-05-01 00:28:51,656 - INFO - Finished process_gps_detail
2025-05-01 00:30:51,928 - WARNING - Query timeout occurred, consider reducing limit_records in settings.json
2025-05-01 00:31:58,949 - INFO - Starting process_gps_tasks
2025-05-01 00:31:58,949 - INFO - Loading shapefiles
2025-05-01 00:31:58,949 - INFO - Loading shapefile: data_map3/Th_Country_region.shp
2025-05-01 00:31:58,968 - INFO - Loading shapefile: data_map3/Th_Province_region.shp
2025-05-01 00:31:59,001 - INFO - Loading shapefile: data_map3/Th_Amphoe_region.shp
2025-05-01 00:31:59,072 - INFO - Loading shapefile: data_map3/Th_Tambon_region.shp
2025-05-01 00:31:59,219 - INFO - Shape Files : Loaded
2025-05-01 00:31:59,443 - INFO - Connected to database
2025-05-01 00:31:59,621 - INFO - Fetched 35 records to process.
2025-05-01 00:32:00,873 - INFO - Finished process_gps_detail
2025-05-01 00:34:01,158 - WARNING - Query timeout occurred, consider reducing limit_records in settings.json
2025-05-01 00:35:08,082 - INFO - Starting process_gps_tasks
2025-05-01 00:35:08,082 - INFO - Loading shapefiles
2025-05-01 00:35:08,082 - INFO - Loading shapefile: data_map3/Th_Country_region.shp
2025-05-01 00:35:08,098 - INFO - Loading shapefile: data_map3/Th_Province_region.shp
2025-05-01 00:35:08,114 - INFO - Loading shapefile: data_map3/Th_Amphoe_region.shp
2025-05-01 00:35:08,194 - INFO - Loading shapefile: data_map3/Th_Tambon_region.shp
2025-05-01 00:35:08,383 - INFO - Shape Files : Loaded
2025-05-01 00:35:08,594 - INFO - Connected to database
2025-05-01 00:35:08,769 - INFO - Fetched 21 records to process.
2025-05-01 00:35:09,548 - INFO - Finished process_gps_detail
2025-05-01 00:37:09,818 - WARNING - Query timeout occurred, consider reducing limit_records in settings.json
2025-05-01 00:38:17,337 - INFO - Starting process_gps_tasks
2025-05-01 00:38:17,337 - INFO - Loading shapefiles
2025-05-01 00:38:17,337 - INFO - Loading shapefile: data_map3/Th_Country_region.shp
2025-05-01 00:38:17,353 - INFO - Loading shapefile: data_map3/Th_Province_region.shp
2025-05-01 00:38:17,385 - INFO - Loading shapefile: data_map3/Th_Amphoe_region.shp
2025-05-01 00:38:17,448 - INFO - Loading shapefile: data_map3/Th_Tambon_region.shp
2025-05-01 00:38:17,607 - INFO - Shape Files : Loaded
2025-05-01 00:38:17,868 - INFO - Connected to database
2025-05-01 00:38:18,049 - INFO - Fetched 22 records to process.
2025-05-01 00:38:18,791 - INFO - Finished process_gps_detail
2025-05-01 00:40:19,080 - WARNING - Query timeout occurred, consider reducing limit_records in settings.json
2025-05-01 00:41:26,382 - INFO - Starting process_gps_tasks
2025-05-01 00:41:26,382 - INFO - Loading shapefiles
2025-05-01 00:41:26,382 - INFO - Loading shapefile: data_map3/Th_Country_region.shp
2025-05-01 00:41:26,398 - INFO - Loading shapefile: data_map3/Th_Province_region.shp
2025-05-01 00:41:26,430 - INFO - Loading shapefile: data_map3/Th_Amphoe_region.shp
2025-05-01 00:41:26,493 - INFO - Loading shapefile: data_map3/Th_Tambon_region.shp
2025-05-01 00:41:26,651 - INFO - Shape Files : Loaded
2025-05-01 00:41:26,892 - INFO - Connected to database
2025-05-01 00:41:27,052 - INFO - Fetched 22 records to process.
2025-05-01 00:41:27,754 - INFO - Finished process_gps_detail
2025-05-01 00:43:28,048 - WARNING - Query timeout occurred, consider reducing limit_records in settings.json
2025-05-01 00:44:35,502 - INFO - Starting process_gps_tasks
2025-05-01 00:44:35,502 - INFO - Loading shapefiles
2025-05-01 00:44:35,502 - INFO - Loading shapefile: data_map3/Th_Country_region.shp
2025-05-01 00:44:35,518 - INFO - Loading shapefile: data_map3/Th_Province_region.shp
2025-05-01 00:44:35,550 - INFO - Loading shapefile: data_map3/Th_Amphoe_region.shp
2025-05-01 00:44:35,627 - INFO - Loading shapefile: data_map3/Th_Tambon_region.shp
2025-05-01 00:44:35,771 - INFO - Shape Files : Loaded
2025-05-01 00:44:35,982 - INFO - Connected to database
2025-05-01 00:44:36,139 - INFO - Fetched 20 records to process.
2025-05-01 00:44:36,860 - INFO - Finished process_gps_detail
2025-05-01 00:46:37,126 - WARNING - Query timeout occurred, consider reducing limit_records in settings.json
2025-05-01 00:47:44,519 - INFO - Starting process_gps_tasks
2025-05-01 00:47:44,519 - INFO - Loading shapefiles
2025-05-01 00:47:44,519 - INFO - Loading shapefile: data_map3/Th_Country_region.shp
2025-05-01 00:47:44,535 - INFO - Loading shapefile: data_map3/Th_Province_region.shp
2025-05-01 00:47:44,567 - INFO - Loading shapefile: data_map3/Th_Amphoe_region.shp
2025-05-01 00:47:44,631 - INFO - Loading shapefile: data_map3/Th_Tambon_region.shp
2025-05-01 00:47:44,779 - INFO - Shape Files : Loaded
2025-05-01 00:47:48,071 - INFO - Connected to database
2025-05-01 00:47:48,247 - INFO - Fetched 37 records to process.
2025-05-01 00:47:49,800 - INFO - Finished process_gps_detail
2025-05-01 00:49:50,119 - WARNING - Query timeout occurred, consider reducing limit_records in settings.json
2025-05-01 00:50:57,349 - INFO - Starting process_gps_tasks
2025-05-01 00:50:57,349 - INFO - Loading shapefiles
2025-05-01 00:50:57,349 - INFO - Loading shapefile: data_map3/Th_Country_region.shp
2025-05-01 00:50:57,353 - INFO - Loading shapefile: data_map3/Th_Province_region.shp
2025-05-01 00:50:57,385 - INFO - Loading shapefile: data_map3/Th_Amphoe_region.shp
2025-05-01 00:50:57,465 - INFO - Loading shapefile: data_map3/Th_Tambon_region.shp
2025-05-01 00:50:57,608 - INFO - Shape Files : Loaded
2025-05-01 00:50:59,017 - INFO - Connected to database
2025-05-01 00:50:59,193 - INFO - Fetched 44 records to process.
2025-05-01 00:51:00,502 - INFO - Finished process_gps_detail
2025-05-02 15:45:36,263 - INFO - Settings loaded successfully
2025-05-02 15:46:45,073 - INFO - Settings loaded successfully
2025-05-02 15:47:45,073 - INFO - Starting process_gps_tasks
2025-05-02 15:47:45,074 - INFO - Loading shapefiles
2025-05-02 15:47:45,075 - INFO - Loading shapefile: data_map3/Th_Country_region.shp
2025-05-02 15:47:45,307 - INFO - Loading shapefile: data_map3/Th_Province_region.shp
2025-05-02 15:47:45,371 - INFO - Loading shapefile: data_map3/Th_Amphoe_region.shp
2025-05-02 15:47:45,566 - INFO - Loading shapefile: data_map3/Th_Tambon_region.shp
2025-05-02 15:47:46,092 - INFO - Shape Files : Loaded
2025-05-02 15:47:46,353 - INFO - Connected to database
2025-05-02 15:47:46,434 - INFO - Fetched 0 records to process.
2025-05-02 15:47:46,510 - INFO - Finished process_gps_detail
